date,close,volume,open,high,low
2019/03/18,45.4100,20800780.0000,45.4300,45.6800,45.3600
2019/03/15,45.3000,47249810.0000,45.7200,45.8950,45.1400
2019/03/14,45.7000,18504010.0000,45.8400,46.1100,45.6300
2019/03/13,46.2200,16210900.0000,46.1300,46.3400,45.9100
2019/03/12,46.0500,19344910.0000,45.9500,46.2500,45.9000
2019/03/11,46.1800,22123360.0000,45.1400,46.2350,45.1000
2019/03/08,44.8400,15578470.0000,45.1500,45.2500,44.6100
2019/03/07,45.2800,11980750.0000,45.4900,45.5300,45.1250
2019/03/06,45.4500,14231970.0000,45.6700,45.7850,45.4400
2019/03/05,45.6000,12455360.0000,45.6500,45.7000,45.4000
2019/03/04,45.6500,13334350.0000,45.5300,45.6700,45.3000
2019/03/01,45.3800,16074130.0000,45.4700,45.6400,45.2000
2019/02/28,45.3400,22434730.0000,45.1200,45.6084,45.1100
2019/02/27,44.9400,17827000.0000,44.6000,45.0200,44.4200
2019/02/26,44.6900,20460240.0000,45.1000,45.1400,44.6600
2019/02/25,44.9400,23764130.0000,45.4400,45.5700,44.8400
2019/02/22,45.2800,24725730.0000,45.7600,45.9500,45.2000
2019/02/21,45.8600,22898390.0000,45.0000,45.9100,44.9600
2019/02/20,45.1000,26902180.0000,44.9100,45.2354,44.8000
2019/02/19,44.8300,25493830.0000,45.3200,45.5900,44.7700
2019/02/15,45.2400,35684790.0000,45.9000,46.2550,45.2000
2019/02/14,45.5900,58833910.0000,46.7000,46.9600,45.5000
2019/02/13,49.7900,12477120.0000,49.6100,49.9400,49.5600
2019/02/12,49.6600,10983210.0000,49.6900,49.8000,49.4600
2019/02/11,49.6100,9193115.0000,49.5700,49.8800,49.4750
2019/02/08,49.5000,9095377.0000,49.3700,49.5000,49.1100
2019/02/07,49.4200,10009370.0000,49.1700,49.4600,49.0025
2019/02/06,49.2600,8689037.0000,49.2100,49.3600,49.0200
2019/02/05,49.2600,12358430.0000,49.3300,49.4650,49.1000
2019/02/04,49.2500,15061230.0000,48.7000,49.4500,48.5400
2019/02/01,48.7000,18985990.0000,48.4800,48.7800,48.4000
2019/01/31,48.1300,32010790.0000,47.8500,48.7800,47.4700
2019/01/30,47.8600,12557520.0000,47.2500,47.8900,47.1900
2019/01/29,47.4000,11979820.0000,47.2000,47.6300,47.1300
2019/01/28,47.1700,9759362.0000,47.2200,47.3000,46.9400
2019/01/25,47.3700,12054880.0000,47.8800,48.0250,47.2400
2019/01/24,47.6900,10168950.0000,48.1100,48.1100,47.3750
2019/01/23,48.2700,11459970.0000,47.8200,48.2900,47.6500
2019/01/22,47.7200,11314410.0000,47.7000,47.7900,47.2050
2019/01/18,47.6100,12760450.0000,47.2500,47.6900,47.1200
2019/01/17,47.0600,11832680.0000,46.9200,47.1385,46.8800
2019/01/16,46.9200,16797030.0000,47.4000,47.4700,46.8600
2019/01/15,47.5700,11319850.0000,46.8900,47.6000,46.8100
2019/01/14,47.1500,11389830.0000,47.2500,47.3966,46.9900
2019/01/11,47.3400,10935960.0000,47.2900,47.3550,46.9700
2019/01/10,47.0700,15738180.0000,46.6600,47.0900,46.3400
2019/01/09,46.5700,17995500.0000,47.0800,47.2800,46.4300
2019/01/08,47.4800,15252630.0000,47.2500,47.5700,47.0350
2019/01/07,46.9500,13039170.0000,47.5700,47.7500,46.8950
2019/01/04,47.5700,12871860.0000,46.7500,47.5700,46.6400
2019/01/03,46.6400,14725710.0000,46.8200,47.3700,46.5300
2019/01/02,46.9300,11472440.0000,46.9400,47.2150,46.5550
2018/12/31,47.3500,10575210.0000,47.4900,47.5400,46.9600
2018/12/28,47.2000,13197690.0000,47.8900,48.0100,47.0250
2018/12/27,47.5300,16747670.0000,46.7400,47.5500,46.0300
2018/12/26,46.9400,14206790.0000,45.8800,46.9600,45.6600
2018/12/24,45.9600,10733720.0000,47.6200,47.8700,45.8300
2018/12/21,47.5700,32469090.0000,47.2600,48.7500,47.2300
2018/12/20,47.5400,20560100.0000,47.8100,48.1331,47.1000
2018/12/19,47.9000,17902660.0000,48.2400,48.7600,47.6200
2018/12/18,48.3200,14403880.0000,48.6100,48.8300,47.8500
2018/12/17,48.3300,18447710.0000,49.3400,49.5300,48.0200
2018/12/14,49.3400,13835920.0000,49.2300,49.5200,49.0200
2018/12/13,49.4700,12703110.0000,48.7200,49.6099,48.5700
2018/12/12,49.2200,12247820.0000,49.9500,50.0200,49.1900
2018/12/11,49.5400,16543320.0000,49.5900,50.0100,49.1800
2018/12/10,49.2400,11585850.0000,49.4500,49.4500,48.4650
2018/12/07,49.0900,14929890.0000,49.5700,49.6800,48.8800
2018/12/06,49.3800,17071210.0000,49.5100,49.6300,48.6600
2018/12/04,49.5800,18907820.0000,49.9700,50.5100,49.5000
2018/12/03,49.6900,14867020.0000,49.8700,49.9600,48.8900
2018/11/30,50.4000,25515120.0000,49.0000,50.4850,48.9900
2018/11/29,48.9800,11494370.0000,49.2800,49.4300,48.9700
2018/11/28,49.7100,11367500.0000,49.2100,49.7200,49.2100
2018/11/27,49.3700,9177232.0000,48.8800,49.4050,48.7300
2018/11/26,48.8700,9120680.0000,49.0100,49.2300,48.6700
2018/11/23,49.0200,4792475.0000,48.7500,49.2300,48.5500
2018/11/21,48.7300,13559210.0000,49.2300,49.4400,48.5900
2018/11/20,49.3800,16255290.0000,50.8200,50.8400,49.2100
2018/11/19,50.5100,13043420.0000,50.3100,50.7600,50.2500
2018/11/16,50.1700,13388400.0000,49.6600,50.2500,49.6300
2018/11/15,49.7400,11999210.0000,49.6600,49.7500,49.2700
2018/11/14,49.7600,12100150.0000,49.8500,49.9400,49.5900
2018/11/13,49.8600,13778220.0000,49.8100,50.0000,49.5800
2018/11/12,49.8700,13872810.0000,49.6100,50.2400,49.5400
2018/11/09,49.6800,12397920.0000,49.3900,49.8900,49.3600
2018/11/08,49.3300,9601656.0000,49.1200,49.3700,49.1000
2018/11/07,49.3700,12224380.0000,49.3900,49.5500,49.0301
2018/11/06,49.1100,14112070.0000,48.6500,49.1300,48.6000
2018/11/05,48.6900,16384380.0000,48.0000,48.7750,47.9200
2018/11/02,48.0000,16993150.0000,47.8200,48.0000,47.4350
2018/11/01,47.7400,16481110.0000,47.8100,48.1500,47.2950
2018/10/31,47.8800,25293280.0000,47.5000,48.0800,47.2200
2018/10/30,47.6300,20806340.0000,46.6200,47.7400,46.0384
2018/10/29,46.4600,20672910.0000,46.1500,46.5550,46.0500
2018/10/26,45.9200,21452670.0000,46.3700,46.4800,45.4300
2018/10/25,46.5100,14099370.0000,46.6500,46.7400,46.1200
2018/10/24,46.7300,21182860.0000,46.3300,47.3900,46.2400
2018/10/23,46.3600,17458680.0000,45.6200,46.4550,45.4500
2018/10/22,45.9700,14107470.0000,46.3700,46.4550,45.8100
2018/10/19,46.3300,13797660.0000,45.8300,46.4900,45.8300
2018/10/18,45.6100,11154140.0000,45.9000,46.0800,45.4550
2018/10/17,45.8600,10542520.0000,45.4100,45.9900,45.3600
2018/10/16,45.4900,10164310.0000,45.0200,45.5950,44.8626
2018/10/15,44.9100,11052170.0000,44.6400,45.2650,44.5900
2018/10/12,44.6800,11158610.0000,44.4800,44.8799,44.2500
2018/10/11,44.6400,17467290.0000,45.8000,45.9700,44.5000
2018/10/10,45.6800,13182670.0000,46.3000,46.7000,45.6700
2018/10/09,46.3900,10824150.0000,46.3800,46.5500,46.2200
2018/10/08,46.4800,8706227.0000,45.9900,46.5800,45.9700
2018/10/05,45.8800,8696592.0000,45.9400,46.1600,45.6900
2018/10/04,45.8500,9582257.0000,45.6600,45.8950,45.4250
2018/10/03,45.8700,10532770.0000,46.4600,46.5500,45.8000
2018/10/02,46.5100,7353675.0000,46.2800,46.5550,46.0600
2018/10/01,46.2300,9338966.0000,46.1700,46.3500,46.0500
2018/09/28,46.1900,8745871.0000,46.0000,46.1900,45.9700
2018/09/27,46.0100,10826780.0000,45.7300,46.1800,45.6800
2018/09/26,45.8500,10109490.0000,45.7700,46.0700,45.5650
2018/09/25,45.6800,7750868.0000,46.0600,46.1754,45.6100
2018/09/24,46.0700,10590840.0000,46.4900,46.5300,45.8400
2018/09/21,46.5800,19202270.0000,46.6400,46.6900,46.3750
2018/09/20,46.6400,9475199.0000,46.2200,46.6800,46.1500
2018/09/19,45.9600,7118911.0000,46.0000,46.1050,45.8650
2018/09/18,45.9300,9846714.0000,46.3900,46.5300,45.9300
2018/09/17,46.3200,8524864.0000,46.0000,46.3300,45.9100
2018/09/14,45.9900,7547411.0000,45.9200,46.0264,45.6100
2018/09/13,45.8300,8228718.0000,46.0100,46.1200,45.7100
2018/09/12,46.2400,13199850.0000,46.1600,46.3000,46.0200
2018/09/11,46.0200,9278264.0000,46.1000,46.1500,45.8800
2018/09/10,46.0600,8558534.0000,45.9100,46.3100,45.7950
2018/09/07,45.7200,10172300.0000,45.6000,45.8200,45.2800
2018/09/06,45.7700,11395300.0000,45.4000,46.0000,45.3000
2018/09/05,45.3800,10554840.0000,44.6600,45.4200,44.6600
2018/09/04,44.7600,11138530.0000,44.6000,44.9000,44.5100
2018/08/31,44.5700,19834010.0000,45.0000,45.0700,44.3900
2018/08/30,44.9500,9705580.0000,45.2800,45.3200,44.8850
2018/08/29,45.3300,12410410.0000,45.2500,45.4150,45.2200
2018/08/28,45.3700,8476182.0000,45.6500,45.7300,45.2800
2018/08/27,45.6900,9581236.0000,46.0500,46.0500,45.5640
2018/08/24,45.6300,10719550.0000,45.6500,45.8000,45.5800
2018/08/23,45.7000,13013990.0000,45.8900,46.0800,45.6900
2018/08/22,45.9300,7147045.0000,46.3400,46.3800,45.9200
2018/08/21,46.2200,13618790.0000,46.7300,46.7500,46.2100
2018/08/20,46.7300,6257021.0000,46.6800,46.8650,46.5900
2018/08/17,46.6000,8465489.0000,46.2900,46.7300,46.2400
2018/08/16,46.2200,10600700.0000,46.1100,46.3800,45.9700
2018/08/15,46.0800,9669725.0000,45.7700,46.1450,45.6500
2018/08/14,45.8900,6831115.0000,45.9100,46.1000,45.8732
2018/08/13,45.8300,7914108.0000,46.0500,46.1300,45.7000
2018/08/10,46.0800,7435576.0000,46.2100,46.4200,45.9650
2018/08/09,46.3500,8924053.0000,46.2500,46.4200,46.0750
2018/08/08,46.1500,6810027.0000,46.4900,46.5600,46.1226
2018/08/07,46.5000,8613078.0000,46.5200,46.6100,46.1300
2018/08/06,46.6500,10055550.0000,46.6000,46.8700,46.5500
2018/08/03,46.6200,11462750.0000,46.2300,46.7600,46.1400
2018/08/02,46.1800,12007220.0000,46.4800,46.6300,46.1800
2018/08/01,46.3900,9902539.0000,46.4500,46.4900,46.1700
2018/07/31,46.6300,12423880.0000,46.4000,46.6700,46.3100
2018/07/30,46.2300,8967861.0000,46.1000,46.4400,46.0500
2018/07/27,46.2100,10516940.0000,46.3200,46.4950,46.0600
2018/07/26,46.2400,12673080.0000,46.3600,46.5900,46.2000
2018/07/25,46.0900,21326780.0000,46.0000,46.5800,45.7500
2018/07/24,45.2600,13784430.0000,44.7800,45.2700,44.6100
2018/07/23,44.9500,8925927.0000,45.2800,45.3600,44.7742
2018/07/20,45.2800,8588268.0000,45.0200,45.2800,44.9000
2018/07/19,45.1100,10097350.0000,44.9900,45.4300,44.9200
2018/07/18,45.1200,7351313.0000,45.1900,45.2850,44.8400
2018/07/17,45.2500,11586310.0000,44.7500,45.3900,44.6800
2018/07/16,44.7300,5831292.0000,44.7300,44.8000,44.5300
2018/07/13,44.7400,5585830.0000,44.7000,44.7800,44.4650
2018/07/12,44.6700,6329358.0000,44.8300,44.9600,44.4900
2018/07/11,44.7900,7706984.0000,44.9900,45.0000,44.6400
2018/07/10,44.9700,10593480.0000,44.5100,45.0000,44.5000
2018/07/09,44.4000,7360841.0000,44.5400,44.7300,44.3400
2018/07/06,44.6400,8733676.0000,44.6700,44.9400,44.5750
2018/07/05,44.6600,11617140.0000,44.1600,44.6700,44.1300
2018/07/03,43.9900,8214329.0000,44.0600,44.3300,43.9900
2018/07/02,43.7500,9232430.0000,43.7800,44.1600,43.5800
2018/06/29,43.8600,11484510.0000,43.5700,44.1000,43.3100
2018/06/28,43.4700,12666510.0000,43.2400,43.6750,43.1700
2018/06/27,43.0700,15330050.0000,43.3300,43.6100,42.9900
2018/06/26,43.3300,13957560.0000,43.5600,43.8400,43.2800
2018/06/25,43.5800,12091970.0000,43.1600,43.7500,43.1600
2018/06/22,43.2500,16018970.0000,43.1500,43.4100,43.0750
2018/06/21,43.0900,10390910.0000,43.2700,43.3000,42.9600
2018/06/20,43.2600,10893670.0000,43.6200,43.7750,43.2300
2018/06/19,43.6000,12929970.0000,43.3000,43.7500,43.2000
2018/06/18,43.5500,12156740.0000,43.8800,43.9550,43.4000
2018/06/15,44.1200,21544620.0000,43.5600,44.1500,43.4500
2018/06/14,43.5800,12694740.0000,43.7500,43.8500,43.5200
2018/06/13,44.1800,16413260.0000,44.3500,44.5200,44.1515
2018/06/12,44.4100,8174183.0000,44.1300,44.4200,44.0750
2018/06/11,44.1300,7432807.0000,43.9500,44.2450,43.8900
2018/06/08,43.9500,12078230.0000,43.5700,44.0000,43.5600
2018/06/07,43.4400,11945740.0000,43.3300,43.7300,43.3300
2018/06/06,43.4600,9202814.0000,43.0600,43.4600,43.0400
2018/06/05,43.1100,9966098.0000,43.5000,43.5400,43.1000
2018/06/04,43.4900,11727410.0000,43.3600,43.5900,43.2900
2018/06/01,43.1200,10662070.0000,43.1000,43.3200,43.0400
2018/05/31,43.0000,15557850.0000,43.2000,43.2100,42.6800
2018/05/30,43.1300,10114170.0000,42.7700,43.2800,42.7000
2018/05/29,42.6800,14818010.0000,42.1200,42.8500,42.1000
2018/05/25,42.4000,8785376.0000,42.3400,42.5800,42.2000
2018/05/24,42.3200,9268373.0000,42.4000,42.4700,42.1850
2018/05/23,42.4000,8945441.0000,42.2500,42.4500,41.9300
2018/05/22,42.2500,8222694.0000,42.5000,42.6000,42.2050
2018/05/21,42.4100,9098893.0000,42.3100,42.5200,42.2700
2018/05/18,42.1800,11950070.0000,42.3000,42.3800,42.0800
2018/05/17,42.3000,14757350.0000,42.0100,42.3500,41.8700
2018/05/16,41.5500,11116460.0000,41.7400,41.9400,41.5400
2018/05/15,41.7200,16446840.0000,41.7800,41.9200,41.4500
2018/05/14,42.0400,10585080.0000,42.2500,42.3150,41.9000
2018/05/11,42.1400,6331802.0000,42.2400,42.4700,42.0400
2018/05/10,42.1800,7923039.0000,41.9900,42.3600,41.9400
2018/05/09,41.7800,9294084.0000,41.9700,42.2300,41.6700
2018/05/08,41.8100,14804870.0000,41.9700,42.0900,41.6900
2018/05/07,42.1400,9334870.0000,42.3400,42.4900,41.9642
2018/05/04,42.3600,10945690.0000,41.7900,42.5000,41.7700
2018/05/03,41.8900,18351950.0000,42.2200,42.4000,41.5200
2018/05/02,42.0600,13735980.0000,42.4000,42.5850,41.9400
2018/05/01,42.5900,11510850.0000,42.9600,42.9900,42.1800
2018/04/30,43.2100,16035950.0000,43.5000,43.6900,42.9700
2018/04/27,43.3100,9777662.0000,42.7300,43.3400,42.7100
2018/04/26,42.7500,13510690.0000,42.4000,43.1000,42.2600
2018/04/25,42.4300,19556400.0000,42.7400,42.8900,41.9050
2018/04/24,43.0700,18485040.0000,43.9800,44.1000,42.7300
2018/04/23,43.9800,11857010.0000,43.7400,43.9900,43.5600
2018/04/20,43.7400,14663560.0000,44.3100,44.4100,43.5800
2018/04/19,44.3100,10346370.0000,44.3400,44.4700,44.0150
2018/04/18,44.5100,7315284.0000,44.9000,44.9700,44.3250
2018/04/17,44.8800,8406004.0000,44.9500,45.0300,44.6500
2018/04/16,44.6800,8961705.0000,44.6500,44.8900,44.4000
2018/04/13,44.5100,10761820.0000,44.1900,44.6900,44.1400
2018/04/12,44.0300,8475352.0000,44.0800,44.4050,43.9500
2018/04/11,43.9900,8406289.0000,43.8100,44.1400,43.7600
2018/04/10,43.9900,10399900.0000,44.0700,44.1800,43.7150
2018/04/09,43.8300,11905180.0000,44.0300,44.3100,43.7800
2018/04/06,43.9200,11326830.0000,44.2800,44.5200,43.7100
2018/04/05,44.4000,11538470.0000,44.2800,44.6100,43.9400
2018/04/04,44.2400,13551700.0000,43.1400,44.4000,43.1100
2018/04/03,43.3800,15477350.0000,42.9800,43.5350,42.8400
2018/04/02,42.6700,14065250.0000,43.4400,43.5000,42.4730
2018/03/29,43.4300,10429560.0000,43.5400,43.9200,43.2900
2018/03/28,43.3200,16258150.0000,43.0000,43.7000,43.0000
2018/03/27,42.8900,11626410.0000,42.7000,43.3100,42.5250
2018/03/26,42.6900,11091800.0000,42.6100,42.8099,42.2500
2018/03/23,42.3300,13459370.0000,42.8200,43.1556,42.2900
2018/03/22,42.7600,12167490.0000,42.8800,43.3650,42.7000
2018/03/21,43.0000,13041720.0000,43.1300,43.4500,42.7900
2018/03/20,43.1600,13537000.0000,43.3200,43.4800,43.0100
2018/03/19,43.2600,12335250.0000,43.4600,43.7100,43.1750
2018/03/16,43.4600,26588700.0000,43.7000,44.0200,43.4500
2018/03/15,43.6700,12416530.0000,43.8800,44.0000,43.5500
2018/03/14,43.7800,15308600.0000,44.3800,44.4300,43.7250
2018/03/13,44.5700,11122330.0000,44.6700,44.8250,44.4000
2018/03/12,44.5300,11839300.0000,44.9500,45.0900,44.3300
2018/03/09,44.8200,9768476.0000,44.5700,44.8200,44.3900
2018/03/08,44.4500,12125860.0000,43.9000,44.4600,43.8000
2018/03/07,43.8200,9470169.0000,43.5900,43.9200,43.4700
2018/03/06,43.9300,9998249.0000,43.9500,44.0500,43.5900
2018/03/05,43.8900,11992250.0000,43.5700,43.9350,43.5000
2018/03/02,43.7200,14032580.0000,43.2500,43.8000,43.2400
2018/03/01,43.4300,17744820.0000,43.1000,43.6400,42.8200
2018/02/28,43.2200,11903520.0000,43.8300,43.9100,43.2200
2018/02/27,43.6200,12727800.0000,44.1500,44.3110,43.6200
2018/02/26,44.0300,12677030.0000,44.2300,44.3900,43.8100
2018/02/23,44.0400,8276106.0000,43.5800,44.0600,43.4200
2018/02/22,43.5200,12359750.0000,43.4300,43.8200,43.2200
2018/02/21,43.3400,12771240.0000,44.1100,44.2600,43.3300
2018/02/20,43.9900,14134740.0000,44.7500,44.8300,43.9400
2018/02/16,44.9800,17200790.0000,45.5700,45.6401,44.7200
2018/02/15,44.7800,13438690.0000,44.2500,44.8300,44.1200
2018/02/14,44.1000,13455040.0000,44.0200,44.1900,43.6300
2018/02/13,44.1900,13157260.0000,43.9200,44.4100,43.6900
2018/02/12,43.9700,14688380.0000,43.5600,44.2300,43.3721
2018/02/09,43.1300,22852120.0000,43.3600,43.4600,42.1900
2018/02/08,43.1000,22872830.0000,44.6200,44.6200,43.0700
2018/02/07,44.5600,18019200.0000,44.5800,45.4950,44.2800
2018/02/06,44.6700,25157930.0000,43.8700,44.7400,43.4400
2018/02/05,44.8900,23187770.0000,46.6500,46.9200,44.4110
2018/02/02,46.7300,12877750.0000,47.3500,47.4100,46.6300
2018/02/01,47.4500,10274290.0000,47.4100,47.7300,47.1100
2018/01/31,47.5900,10960080.0000,47.4500,47.9000,47.3700
2018/01/30,47.4100,12013390.0000,47.7300,48.1600,47.4000
2018/01/29,47.7000,11653710.0000,48.2100,48.4600,47.5750
2018/01/26,48.5300,15948980.0000,47.7800,48.6150,47.7400
2018/01/25,47.8400,11743890.0000,47.7000,48.0000,47.7000
2018/01/24,47.8300,15949240.0000,47.5300,47.9500,47.4800
2018/01/23,47.4500,10591090.0000,47.2100,47.7000,47.1300
2018/01/22,47.3800,9548182.0000,47.1400,47.5000,47.0900
2018/01/19,47.1600,15977150.0000,46.9900,47.2500,46.8700
2018/01/18,46.8800,11416620.0000,46.7500,47.0700,46.6100
2018/01/17,46.8200,12118960.0000,46.5800,47.0000,46.5500
2018/01/16,46.5300,15589070.0000,46.1500,46.6200,46.1400
2018/01/12,46.1500,14562200.0000,46.2800,46.3900,46.0300
2018/01/11,46.0400,7583025.0000,46.2300,46.2300,45.8600
2018/01/10,46.0700,10700170.0000,46.2300,46.2600,45.9300
2018/01/09,46.2300,9962424.0000,46.0000,46.3600,45.9350
2018/01/08,46.0000,7035245.0000,45.9500,46.1000,45.8800
2018/01/05,46.0700,13113150.0000,46.0200,46.2000,45.7900
2018/01/04,46.0800,12701440.0000,45.5600,46.2150,45.4500
2018/01/03,45.4400,12338120.0000,45.4900,45.6900,45.3400
2018/01/02,45.5400,10863040.0000,45.9100,45.9400,45.5050
2017/12/29,45.8800,8371436.0000,45.7000,46.1800,45.6925
2017/12/28,45.7200,6538769.0000,45.9100,45.9900,45.6400
2017/12/27,45.9300,5657412.0000,45.9000,45.9400,45.7150
2017/12/26,45.8100,6045659.0000,45.7000,45.8550,45.6100
2017/12/22,45.5900,5406200.0000,45.6900,45.7300,45.5500
2017/12/21,45.6000,9647069.0000,46.1400,46.2200,45.5600
2017/12/20,46.0800,7302907.0000,46.2100,46.3000,45.9550
2017/12/19,46.1300,8242609.0000,46.0400,46.3800,45.9100
2017/12/18,45.9300,10156760.0000,46.2000,46.3800,45.9100
2017/12/15,46.1900,21172990.0000,46.2900,46.4200,46.0400
2017/12/14,46.0300,9013212.0000,45.8100,46.1700,45.8000
2017/12/13,45.9000,12395070.0000,45.4500,46.0500,45.4000
2017/12/12,45.2900,13986050.0000,45.2500,45.5200,45.0600
2017/12/11,45.3300,9680377.0000,45.1800,45.4100,44.9200
2017/12/08,45.3100,13238080.0000,45.7000,45.7300,45.0500
2017/12/07,45.7800,9075654.0000,46.2900,46.3200,45.7200
2017/12/06,46.4500,8137857.0000,46.3300,46.4800,46.2612
2017/12/05,46.2600,13664120.0000,46.2500,46.4400,46.0600
2017/12/04,46.2300,17523480.0000,45.9900,46.3780,45.7700
2017/12/01,45.9700,12468780.0000,45.8000,46.0200,45.2100
2017/11/30,45.7700,17147540.0000,45.1400,45.8400,45.0300
2017/11/29,45.5000,16471060.0000,45.7700,45.8200,45.2100
2017/11/28,45.8300,8432150.0000,45.9900,46.1500,45.7800
2017/11/27,45.9000,5649096.0000,45.8800,45.9900,45.8100
2017/11/24,45.8800,2996338.0000,45.8900,46.0450,45.8600
2017/11/22,45.8400,8434404.0000,45.8900,45.9300,45.5400
2017/11/21,45.7800,10205880.0000,45.5600,45.9500,45.5400
2017/11/20,45.4600,19151830.0000,45.6500,45.8800,45.4200
2017/11/17,45.7100,19715450.0000,46.3400,46.3800,45.2500
2017/11/16,46.5500,12506160.0000,46.9500,46.9800,46.5100
2017/11/15,46.8100,12409620.0000,47.3200,47.4600,46.7800
2017/11/14,47.4300,17198680.0000,46.7100,47.4800,46.6200
2017/11/13,46.7200,7640384.0000,46.6000,46.8150,46.5400
2017/11/10,46.5400,8022883.0000,46.2000,46.6400,46.1350
2017/11/09,46.2300,6524750.0000,46.1200,46.3850,46.0200
2017/11/08,46.1800,7585864.0000,45.9800,46.1900,45.8700
2017/11/07,45.9400,9866033.0000,45.4100,45.9500,45.3100
2017/11/06,45.4700,7451290.0000,45.9100,45.9200,45.4200
2017/11/03,45.9700,4730266.0000,45.9700,46.1550,45.9166
2017/11/02,45.8800,8317807.0000,45.8100,45.9500,45.7450
2017/11/01,45.8000,7035880.0000,45.7500,46.0900,45.6300
2017/10/31,45.9800,6560540.0000,45.9200,46.1700,45.8400
2017/10/30,45.8600,7201864.0000,46.0000,46.0700,45.8200
2017/10/27,46.0700,9987243.0000,46.1300,46.3300,45.9100
2017/10/26,46.2300,10563520.0000,46.3200,46.7500,46.2200
2017/10/25,46.0500,11993620.0000,46.3700,46.7600,45.9300
2017/10/24,46.1800,9438660.0000,46.2600,46.2900,45.9500
2017/10/23,46.3200,7139919.0000,46.3800,46.6500,46.2300
2017/10/20,46.3800,9623470.0000,46.5800,46.5900,46.2800
2017/10/19,46.5900,7515545.0000,46.3700,46.7900,46.3200
2017/10/18,46.4000,6259318.0000,46.4100,46.5350,46.2400
2017/10/17,46.5200,7697897.0000,46.5300,46.6300,46.3100
2017/10/16,46.6200,12708560.0000,46.1200,46.7500,46.1003
2017/10/13,46.1800,7125633.0000,46.2500,46.3800,46.1500
2017/10/12,46.1100,7909742.0000,45.9800,46.1400,45.9400
2017/10/11,46.1000,6630144.0000,45.8800,46.2000,45.8700
2017/10/10,45.8700,6302478.0000,45.6000,45.9000,45.5250
2017/10/09,45.4100,5249376.0000,45.5500,45.6500,45.3400
2017/10/06,45.4900,5294141.0000,45.3900,45.5200,45.2800
2017/10/05,45.5200,10215320.0000,45.5100,45.7450,45.5000
2017/10/04,45.5000,14059810.0000,45.1100,45.5600,44.9350
2017/10/03,45.1900,12038100.0000,44.8600,45.2600,44.7600
2017/10/02,44.8000,10705710.0000,45.0500,45.2650,44.7450
2017/09/29,45.0100,10026020.0000,44.8600,45.1100,44.7900
2017/09/28,44.9100,8789462.0000,44.6700,45.0000,44.6500
2017/09/27,44.6400,14710570.0000,45.4700,45.5000,44.3800
2017/09/26,45.5700,6480138.0000,45.6900,45.8700,45.5600
2017/09/25,45.6900,9215026.0000,45.5000,45.7600,45.3500
2017/09/22,45.4900,8023173.0000,45.4500,45.6300,45.3700
2017/09/21,45.4000,7497911.0000,45.7100,45.7900,45.3600
2017/09/20,45.7800,11026430.0000,45.7600,46.1450,45.5500
2017/09/19,45.9800,7297932.0000,46.1400,46.1900,45.8900
2017/09/18,46.1100,8532869.0000,46.1500,46.2400,45.9100
2017/09/15,46.1800,16141410.0000,46.3000,46.3600,46.0000
2017/09/14,46.1100,13723330.0000,46.4000,46.4650,45.9400
2017/09/13,46.8700,10209150.0000,46.6800,46.9800,46.6500
2017/09/12,46.7200,8572870.0000,46.5000,46.7500,46.4500
2017/09/11,46.5200,10417180.0000,46.3500,46.5900,46.2200
2017/09/08,46.3000,10522650.0000,46.1900,46.3700,46.0200
2017/09/07,46.2800,9418120.0000,46.0100,46.3200,45.9600
2017/09/06,45.9600,9238704.0000,45.9800,46.0400,45.7900
2017/09/05,45.9200,10455170.0000,45.7500,45.9300,45.6500
2017/09/01,45.7800,7391249.0000,45.6400,45.8000,45.5400
2017/08/31,45.5500,14256010.0000,45.4000,45.6500,45.3400
2017/08/30,45.3900,7134877.0000,45.3600,45.5400,45.2900
2017/08/29,45.4500,7750959.0000,45.4000,45.5700,45.2500
2017/08/28,45.4200,8009386.0000,45.6300,45.6900,45.3800
2017/08/25,45.5700,8767112.0000,45.6000,45.7600,45.5600
2017/08/24,45.4100,7534364.0000,45.5400,45.6100,45.3100
2017/08/23,45.5400,6517657.0000,45.6300,45.6600,45.4400
2017/08/22,45.6000,10523860.0000,45.7000,45.7500,45.5400
2017/08/21,45.6800,9429536.0000,45.6700,45.8000,45.5601
2017/08/18,45.6700,10877090.0000,45.8000,45.9000,45.6300
2017/08/17,45.8600,8185243.0000,46.1200,46.3300,45.8500
2017/08/16,46.2000,8076003.0000,46.1500,46.3400,46.1200
2017/08/15,46.1900,9624729.0000,45.8000,46.2500,45.8000
2017/08/14,45.8000,8411812.0000,45.6700,45.9400,45.6200
2017/08/11,45.5900,8357356.0000,45.8600,45.9000,45.5700
2017/08/10,45.7400,8892137.0000,45.5600,45.8400,45.4600
2017/08/09,45.5900,9635170.0000,45.5600,45.6611,45.3250
2017/08/08,45.6000,5685987.0000,45.6400,45.8200,45.5450
2017/08/07,45.6400,6226293.0000,45.5200,45.7600,45.5000
2017/08/04,45.5000,9523356.0000,45.6700,45.7600,45.4700
2017/08/03,45.6700,14260000.0000,45.6500,45.9500,45.6300
2017/08/02,45.5900,9899271.0000,45.6000,46.0000,45.3800
2017/08/01,45.7000,10277880.0000,45.9700,46.0600,45.6450
2017/07/31,45.8400,13621900.0000,46.0000,46.0762,45.7900
2017/07/28,46.0100,11945230.0000,46.0000,46.1200,45.7300
2017/07/27,46.1200,15119740.0000,45.8000,46.4250,45.7000
2017/07/26,45.7400,13606580.0000,44.5500,45.7900,44.3100
2017/07/25,45.2400,14092450.0000,45.0200,45.2900,44.9350
2017/07/24,44.8400,9101569.0000,45.0400,45.0450,44.8300
2017/07/21,45.0300,8545560.0000,44.7800,45.0700,44.6700
2017/07/20,44.8200,7397453.0000,44.9000,44.9800,44.7500
2017/07/19,44.8300,6851751.0000,44.6700,44.8400,44.5450
2017/07/18,44.6700,9035946.0000,44.7800,44.8500,44.6150
2017/07/17,44.7300,7186727.0000,44.6600,44.7850,44.6100
2017/07/14,44.6800,8481027.0000,44.5200,44.7200,44.4950
2017/07/13,44.4300,6371854.0000,44.4900,44.5250,44.3700
2017/07/12,44.5100,7737298.0000,44.5900,44.7700,44.4400
2017/07/11,44.3300,10300690.0000,44.3200,44.4800,44.1500
2017/07/10,44.3800,9533873.0000,44.4500,44.5750,44.2300
2017/07/07,44.3900,9223957.0000,44.4700,44.5200,44.2400
2017/07/06,44.4000,13105290.0000,44.7200,44.8500,44.2900
2017/07/05,44.8200,6839183.0000,44.7900,44.9900,44.7300
2017/07/03,44.7600,6434460.0000,45.1100,45.2700,44.7600
2017/06/30,44.8500,9351684.0000,44.8900,45.1200,44.8500
2017/06/29,44.8300,9280793.0000,45.1300,45.2400,44.6500
2017/06/28,45.3200,9209241.0000,45.2500,45.5000,45.2300
2017/06/27,45.0500,11419080.0000,45.3400,45.3950,45.0000
2017/06/26,45.4300,7747057.0000,45.3200,45.5100,45.3000
2017/06/23,45.2500,9528777.0000,45.0500,45.3800,45.0300
2017/06/22,45.0700,7446299.0000,45.1700,45.2800,45.0300
2017/06/21,45.2200,9515844.0000,45.6200,45.6800,45.1650
2017/06/20,45.6100,14918860.0000,45.3500,45.8650,45.3200
2017/06/19,45.3800,7531218.0000,45.3500,45.3800,45.1000
2017/06/16,45.3100,27022700.0000,45.3100,45.3500,45.0100
2017/06/15,45.2500,9908518.0000,45.1800,45.3400,45.0400
2017/06/14,45.3000,11457070.0000,45.1800,45.4700,45.1600
2017/06/13,45.0300,10023160.0000,45.0000,45.1100,44.8000
2017/06/12,45.3300,11217810.0000,45.3500,45.4800,45.1500
2017/06/09,45.3200,9358785.0000,45.0600,45.3500,44.9700
2017/06/08,45.1300,12803850.0000,45.3900,45.5100,45.0300
2017/06/07,45.5100,12766290.0000,45.5000,45.7000,45.3500
2017/06/06,45.9800,9836716.0000,45.9000,46.0600,45.7800
2017/06/05,45.9900,10014970.0000,45.7800,45.9900,45.6900
2017/06/02,45.8900,9912847.0000,45.8300,45.8900,45.6050
2017/06/01,45.7900,10978750.0000,45.4500,45.7900,45.2332
2017/05/31,45.4700,14187740.0000,45.4300,45.7000,45.3700
2017/05/30,45.4300,13093260.0000,45.1600,45.4600,45.1100
2017/05/26,45.3900,11341230.0000,45.3500,45.5600,45.3300
2017/05/25,45.4100,16690640.0000,45.0000,45.4800,44.9700
2017/05/24,45.0300,12854330.0000,44.5100,45.0900,44.5100
2017/05/23,44.3900,11995860.0000,44.2500,44.6000,44.2100
2017/05/22,44.1800,12849170.0000,43.8900,44.2200,43.8100
2017/05/19,43.9000,11741290.0000,43.8500,44.0000,43.7600
2017/05/18,43.8000,13823280.0000,43.8700,43.9600,43.6400
2017/05/17,43.9300,14536580.0000,43.8100,44.1650,43.7100
2017/05/16,43.8500,10453040.0000,43.8700,44.1100,43.7700
2017/05/15,43.7300,7705928.0000,43.4600,43.7600,43.4600
2017/05/12,43.5900,7275753.0000,43.6400,43.6800,43.4550
2017/05/11,43.6700,6859814.0000,43.4900,43.6800,43.4300
2017/05/10,43.5700,7597653.0000,43.4800,43.6200,43.3600
2017/05/09,43.5100,8691955.0000,43.8900,43.8900,43.3800
2017/05/08,43.8900,14282330.0000,43.5900,43.9100,43.5400
2017/05/05,43.6900,8132539.0000,43.7900,43.8400,43.5600
2017/05/04,43.6600,10193060.0000,43.4200,43.8100,43.4000
2017/05/03,43.3200,10384950.0000,43.3300,43.4850,43.1500
2017/05/02,43.3900,11341460.0000,43.2200,43.4400,43.1600
2017/05/01,43.2200,13208090.0000,43.1500,43.5000,43.1000
2017/04/28,43.1500,10337760.0000,42.9600,43.2000,42.8500
2017/04/27,43.0100,10383720.0000,43.1700,43.2800,42.9200
2017/04/26,43.2400,13625150.0000,43.0600,43.4300,42.9800
2017/04/25,43.1100,18667650.0000,42.8500,43.4300,42.8200
2017/04/24,43.2800,16603970.0000,43.2400,43.4300,43.1500
2017/04/21,43.0700,13811170.0000,42.9800,43.1000,42.8900
2017/04/20,43.0900,10836510.0000,43.2000,43.3000,43.0500
2017/04/19,43.2300,13885910.0000,43.7400,43.7900,43.1900
2017/04/18,43.4800,13164640.0000,43.1100,43.5900,43.0900
2017/04/17,43.0700,11304720.0000,42.7900,43.0700,42.7800
2017/04/13,42.7900,9891015.0000,42.8700,43.0800,42.7800
2017/04/12,42.9400,13417090.0000,42.5400,42.9900,42.5100
2017/04/11,42.6600,8909134.0000,42.6800,42.7500,42.5150
2017/04/10,42.6900,9413282.0000,42.7300,42.8000,42.5566
2017/04/07,42.6100,11010420.0000,42.6400,42.7400,42.5100
2017/04/06,42.6700,14583520.0000,42.5800,42.7600,42.4700
2017/04/05,42.5700,10126890.0000,42.6500,42.8550,42.5300
2017/04/04,42.6800,10945520.0000,42.5100,42.6900,42.3700
2017/04/03,42.4100,11239960.0000,42.5800,42.6250,42.2700
2017/03/31,42.4400,11543620.0000,42.5500,42.6500,42.4300
2017/03/30,42.6000,11987810.0000,42.3500,42.6155,42.2600
2017/03/29,42.4200,9579224.0000,42.5100,42.5250,42.2900
2017/03/28,42.4300,14123720.0000,42.2400,42.5600,42.2400
2017/03/27,42.3200,12386370.0000,42.1100,42.3400,42.0500
2017/03/24,42.1200,13804410.0000,42.2300,42.2500,41.9100
2017/03/23,42.1700,11502350.0000,42.2100,42.3900,42.0600
2017/03/22,42.3800,11595670.0000,42.5600,42.7000,42.2500
2017/03/21,42.5000,17178350.0000,42.3100,42.6300,42.2100
2017/03/20,42.1800,11484230.0000,42.1000,42.3400,42.0701
2017/03/17,42.0300,37497570.0000,42.2800,42.3500,42.0100
2017/03/16,42.2500,16004180.0000,42.0300,42.3900,41.9000
2017/03/15,42.1200,22756150.0000,41.9800,42.2750,41.9700
2017/03/14,41.9700,9841360.0000,41.9800,42.1000,41.8300
2017/03/13,42.0300,12546790.0000,41.9200,42.1200,41.8400
2017/03/10,42.2900,16336230.0000,42.2300,42.4000,42.1500
2017/03/09,42.0300,14495790.0000,42.0900,42.1100,41.9200
2017/03/08,41.9900,14639750.0000,42.0000,42.0250,41.7400
2017/03/07,41.9900,11271950.0000,42.0000,42.2400,41.9500
2017/03/06,42.1800,16299460.0000,42.3400,42.4300,42.1200
2017/03/03,42.4800,11742980.0000,42.4400,42.4900,42.2500
2017/03/02,42.4700,15500610.0000,42.0800,42.5600,42.0700
2017/03/01,42.1600,14661760.0000,42.0100,42.3500,41.8800
2017/02/28,41.9600,15946360.0000,41.6800,42.0700,41.6400
2017/02/27,41.6700,12170140.0000,41.7500,41.7500,41.5850
2017/02/24,41.7800,13198740.0000,41.7000,41.9100,41.6000
2017/02/23,41.6600,12856740.0000,41.6700,42.0000,41.6200
2017/02/22,41.6000,11185550.0000,41.5100,41.6800,41.4000
2017/02/21,41.4600,17072490.0000,41.2000,41.5000,41.2000
2017/02/17,41.2300,15064820.0000,41.1300,41.3600,41.0500
2017/02/16,41.2000,22214320.0000,40.5500,41.2800,40.5000
2017/02/15,40.4400,26599580.0000,40.4200,40.6300,40.3950
2017/02/14,40.5300,32176470.0000,40.3800,40.6000,40.2200
2017/02/13,40.6200,23614180.0000,40.7700,40.8300,40.5000
2017/02/10,40.5800,28841100.0000,41.0200,41.2000,40.5500
2017/02/09,41.2500,27227420.0000,41.5200,41.6800,40.7200
2017/02/08,42.0200,14206990.0000,41.9100,42.1500,41.8400
2017/02/07,41.9000,13314670.0000,41.7000,41.9800,41.6700
2017/02/06,41.5600,15742810.0000,41.5300,41.6700,41.4000
2017/02/03,41.5400,11879390.0000,41.5800,41.7900,41.4550
2017/02/02,41.4000,9450408.0000,41.4100,41.4900,41.2500
2017/02/01,41.2600,11122640.0000,41.5200,41.6600,41.2500
2017/01/31,41.5700,12647270.0000,41.3900,41.6850,41.3600
2017/01/30,41.3800,11621660.0000,41.3000,41.4800,41.2050
2017/01/27,41.4500,12967300.0000,41.9100,41.9500,41.4200
2017/01/26,41.8100,8977122.0000,42.0300,42.1100,41.7900
2017/01/25,42.1200,12530400.0000,41.9400,42.2500,41.9000
2017/01/24,41.9000,17003010.0000,41.4700,41.9700,41.4700
2017/01/23,41.4300,11628890.0000,41.3100,41.5000,41.2100
2017/01/20,41.3200,14695290.0000,41.2700,41.4400,41.1300
2017/01/19,41.1400,10985990.0000,41.1400,41.2900,41.0300
2017/01/18,41.2900,10383360.0000,41.2500,41.3790,41.1400
2017/01/17,41.2200,12469340.0000,40.8400,41.3000,40.8000
2017/01/13,40.8800,8114893.0000,41.0000,41.0400,40.6900
2017/01/12,40.9500,8541181.0000,41.0100,41.0400,40.8000
2017/01/11,41.0500,9256622.0000,40.8500,41.1200,40.8300
2017/01/10,41.0400,19678850.0000,41.4400,41.4400,40.8600
2017/01/09,41.3200,14804790.0000,41.2300,41.5800,41.2100
2017/01/06,41.7400,10246710.0000,41.7000,41.8100,41.5400
2017/01/05,41.7500,8968202.0000,41.6600,41.8600,41.5250
2017/01/04,41.6500,9942417.0000,41.8800,41.9700,41.5900
2017/01/03,41.8000,14689550.0000,41.5000,41.8100,41.2800
2016/12/30,41.4600,11470060.0000,41.6900,41.8400,41.3500
2016/12/29,41.6000,6874614.0000,41.3800,41.6900,41.3800
2016/12/28,41.3900,8827084.0000,41.4900,41.6700,41.3900
2016/12/27,41.6100,6988456.0000,41.5600,41.7600,41.5400
2016/12/23,41.6000,6433652.0000,41.6200,41.6900,41.3500
2016/12/22,41.5500,11893150.0000,41.5700,41.6200,41.0800
2016/12/21,41.5700,9693274.0000,41.6000,41.8301,41.5200
2016/12/20,41.6600,10598270.0000,41.7000,41.7200,41.4400
2016/12/19,41.6700,8668245.0000,41.6900,41.8000,41.5800
2016/12/16,41.7400,19673670.0000,41.6100,41.7600,41.4800
2016/12/15,41.5500,14263310.0000,41.0950,41.8100,41.0950
2016/12/14,41.2100,17920550.0000,41.8900,41.9900,41.0600
2016/12/13,41.7600,18687090.0000,41.7200,41.9600,41.5400
2016/12/12,41.9000,17545760.0000,42.0000,42.0100,41.7200
2016/12/09,42.0000,28113450.0000,41.5000,42.2200,41.2900
2016/12/08,40.9800,13069030.0000,41.0700,41.2100,40.8450
2016/12/07,41.2900,13710580.0000,40.5400,41.2900,40.5100
2016/12/06,40.5700,11303130.0000,40.7500,40.7700,40.4200
2016/12/05,40.6200,15958390.0000,40.3400,40.6900,40.3100
2016/12/02,40.3600,11163100.0000,40.3000,40.4950,40.1900
2016/12/01,40.1700,20397120.0000,40.3100,40.3900,39.8800
2016/11/30,40.3500,22390720.0000,41.0000,41.2000,40.3500
2016/11/29,41.1500,11399890.0000,41.5200,41.5200,41.1400
2016/11/28,41.7500,19389540.0000,41.5100,41.7900,41.2700
2016/11/25,41.5300,7402652.0000,41.3900,41.5800,41.2400
2016/11/23,41.1200,9293976.0000,41.2200,41.3100,41.0300
2016/11/22,41.3700,12743500.0000,41.4500,41.7000,41.2400
2016/11/21,41.3600,12291840.0000,40.7400,41.3600,40.7300
2016/11/18,40.9100,16324700.0000,41.0300,41.2000,40.9000
2016/11/17,41.1200,12398310.0000,41.2800,41.3000,41.0000
2016/11/16,41.2600,12671380.0000,41.4000,41.6500,41.1550
2016/11/15,41.4400,16543380.0000,41.1800,41.5200,41.1700
2016/11/14,41.1700,19513760.0000,41.1300,41.4200,40.8500
2016/11/11,41.0300,13403460.0000,40.9500,41.1300,40.6300
2016/11/10,40.9400,33225230.0000,41.8600,42.2600,40.8550
2016/11/09,42.2700,21223260.0000,41.7600,42.3200,41.7000
2016/11/08,42.8800,12016470.0000,42.3700,42.9800,42.3700
2016/11/07,42.4600,13999530.0000,42.0400,42.5000,42.0400
2016/11/04,41.6900,14448000.0000,41.8500,42.0400,41.6900
2016/11/03,42.0300,11238740.0000,42.2200,42.2200,41.9600
2016/11/02,42.0500,11996530.0000,42.1000,42.3400,42.0100
2016/11/01,42.1200,12211030.0000,42.4000,42.4250,41.9100
2016/10/31,42.4000,13316310.0000,42.1200,42.4100,42.1200
2016/10/28,42.2300,13396010.0000,42.2600,42.4700,42.1000
2016/10/27,42.1200,14515660.0000,42.6300,42.6450,41.9000
2016/10/26,42.4400,16872330.0000,43.0000,43.0300,42.4100
2016/10/25,42.5400,16443740.0000,42.6400,42.8800,42.4300
2016/10/24,42.5600,13392990.0000,42.3200,42.7700,42.2500
2016/10/21,42.1300,14390510.0000,41.8500,42.1700,41.6800
2016/10/20,41.9300,10620490.0000,41.9700,42.1100,41.8900
2016/10/19,42.0500,16365540.0000,41.9300,42.1150,41.8100
2016/10/18,41.9700,11288520.0000,41.8100,42.0000,41.7300
2016/10/17,41.6000,10777530.0000,41.7300,41.8600,41.5700
2016/10/14,41.6700,9873325.0000,41.8500,41.9050,41.6200
2016/10/13,41.7600,17637030.0000,41.6500,41.8900,41.5100
2016/10/12,41.7800,12216480.0000,41.6300,41.8400,41.5000
2016/10/11,41.5400,12249060.0000,41.6600,41.7000,41.4000
2016/10/10,41.7300,8983410.0000,41.9200,41.9900,41.6000
2016/10/07,41.7300,8108210.0000,41.8300,41.9400,41.5650
2016/10/06,41.7100,9722473.0000,41.6800,41.9400,41.5800
2016/10/05,41.8100,9593355.0000,41.9300,42.0700,41.6700
2016/10/04,41.8400,13679780.0000,42.3400,42.3400,41.7800
2016/10/03,42.0300,11141200.0000,42.3100,42.3100,41.8850
2016/09/30,42.3200,14333040.0000,42.2100,42.5000,42.0600
2016/09/29,42.0300,12629680.0000,42.0200,42.3900,41.8500
2016/09/28,42.1500,15503710.0000,42.6300,42.7600,42.0300
2016/09/27,42.5900,11899760.0000,42.1900,42.6300,42.0000
2016/09/26,42.0500,15035270.0000,42.7100,42.7200,42.0100
2016/09/23,42.7400,8851990.0000,42.8100,42.9400,42.6500
2016/09/22,42.9600,9288216.0000,42.7100,43.0100,42.6900
2016/09/21,42.5300,13645260.0000,42.2800,42.6100,42.1000
2016/09/20,42.3400,8391298.0000,42.3100,42.5300,42.2400
2016/09/19,42.1000,7659863.0000,42.1600,42.3700,42.0800
2016/09/16,42.1400,16344770.0000,42.1700,42.2600,41.9650
2016/09/15,42.3600,10244480.0000,42.0100,42.3900,41.8800
2016/09/14,42.1100,9823526.0000,42.2700,42.4100,41.9900
2016/09/13,42.2800,12962670.0000,42.7700,42.7700,42.2100
2016/09/12,43.1900,15921270.0000,42.3600,43.2300,42.3400
2016/09/09,42.2700,23607230.0000,43.4300,43.4300,42.2700
2016/09/08,43.6300,10020220.0000,43.6700,43.7300,43.4500
2016/09/07,43.6400,8656552.0000,43.7200,43.8000,43.5300
2016/09/06,43.7900,8585062.0000,43.7400,43.8000,43.3950
2016/09/02,43.6600,9025875.0000,43.5200,43.8300,43.4700
2016/09/01,43.3500,8450090.0000,43.2100,43.4100,43.2000
2016/08/31,43.4300,10200280.0000,43.4300,43.4600,43.0800
2016/08/30,43.2400,9710276.0000,43.4600,43.5300,43.1200
2016/08/29,43.5400,9544543.0000,43.3400,43.6100,43.3300
2016/08/26,43.3200,11817540.0000,43.7200,43.9200,43.3100
2016/08/25,43.6700,9815158.0000,43.8500,43.9400,43.6300
2016/08/24,43.8500,11508870.0000,43.8200,43.9400,43.6641
2016/08/23,43.8500,8420847.0000,43.8500,43.9800,43.7400
2016/08/22,43.7400,8687414.0000,43.9400,43.9450,43.7250
2016/08/19,43.9200,9385896.0000,44.0500,44.0600,43.7400
2016/08/18,44.1000,9132903.0000,44.0100,44.2600,44.0000
2016/08/17,44.0600,11207120.0000,44.0100,44.0700,43.7800
2016/08/16,43.8300,9705816.0000,44.2500,44.2500,43.8300
2016/08/15,44.2400,10390640.0000,44.1000,44.3300,44.0100
2016/08/12,44.0300,10918080.0000,43.9100,44.1900,43.7900
2016/08/11,43.7500,11303260.0000,43.7200,43.8700,43.6200
2016/08/10,43.6100,8381336.0000,43.6400,43.6900,43.5000
2016/08/09,43.4700,7281032.0000,43.5000,43.6400,43.3762
2016/08/08,43.4400,8672915.0000,43.4300,43.5166,43.2200
2016/08/05,43.4800,10390060.0000,43.6500,43.7500,43.4100
2016/08/04,43.5100,11236060.0000,43.5600,43.7950,43.4000
2016/08/03,43.6400,12119060.0000,43.6600,43.7000,43.3700
2016/08/02,43.5300,12824320.0000,43.3500,43.5800,43.3100
2016/08/01,43.4500,12349420.0000,43.6900,43.8300,43.4300
2016/07/29,43.6300,16529300.0000,43.7200,43.7500,43.4800
2016/07/28,43.6500,13068390.0000,43.2700,43.6900,43.2200
2016/07/27,43.4000,37452670.0000,43.9000,44.0600,43.1000
2016/07/26,44.8800,15818030.0000,45.5300,45.6500,44.8300
2016/07/25,45.5700,9134131.0000,45.8100,45.8300,45.4700
2016/07/22,45.8300,8835344.0000,45.5000,45.8375,45.4600
2016/07/21,45.4500,8138952.0000,45.3400,45.5100,45.2550
2016/07/20,45.5100,8466264.0000,45.7500,45.7700,45.3900
2016/07/19,45.6300,7761080.0000,45.4600,45.7100,45.4300
2016/07/18,45.6300,7958313.0000,45.6900,45.7000,45.4800
2016/07/15,45.6300,10620950.0000,45.8800,45.9000,45.4400
2016/07/14,45.6900,7619230.0000,45.7300,45.9400,45.5800
2016/07/13,45.7400,8028213.0000,45.6100,45.7600,45.4300
2016/07/12,45.5800,9746804.0000,45.6400,45.7100,45.1800
2016/07/11,45.5700,10937740.0000,45.3500,45.7700,45.1100
2016/07/08,45.3800,11119260.0000,45.3000,45.5200,45.0689
2016/07/07,45.0900,9739821.0000,45.4200,45.5200,44.9700
2016/07/06,45.2700,10902570.0000,45.5000,45.5500,44.9150
2016/07/05,45.4300,12339040.0000,45.1600,45.6700,45.1500
2016/07/01,45.1200,11797930.0000,45.3200,45.4100,45.0700
2016/06/30,45.3300,16055350.0000,44.5200,45.3300,44.4900
2016/06/29,44.4400,12250900.0000,44.3900,44.7100,44.2400
2016/06/28,44.1800,16498920.0000,44.0600,44.1900,43.6700
2016/06/27,43.7800,15787870.0000,43.6700,43.8850,43.3150
2016/06/24,43.9300,25992710.0000,44.2000,44.5561,43.8200
2016/06/23,45.0800,9653861.0000,45.0300,45.1700,44.8400
2016/06/22,44.8600,10738650.0000,45.2500,45.3250,44.8100
2016/06/21,45.1300,7918895.0000,45.1600,45.2800,45.0000
2016/06/20,44.9800,10539190.0000,45.0900,45.3100,44.9600
2016/06/17,44.7900,20805240.0000,45.1700,45.2200,44.3800
2016/06/16,45.3100,11305130.0000,44.8700,45.3400,44.7199
2016/06/15,45.0100,8352409.0000,45.1200,45.3400,44.8750
2016/06/14,45.0400,11296730.0000,44.8500,45.1300,44.4400
2016/06/13,45.1200,10603100.0000,45.4800,45.6700,45.0900
2016/06/10,45.9900,12356210.0000,45.6200,46.0100,45.5600
2016/06/09,45.7600,8042848.0000,45.3300,45.7998,45.3100
2016/06/08,45.5500,7915401.0000,45.2400,45.6600,45.1900
2016/06/07,45.3200,9812130.0000,45.3500,45.4800,45.2000
2016/06/06,45.3700,10308550.0000,45.0900,45.4815,45.0800
2016/06/03,45.0400,13434860.0000,44.7500,45.0500,44.6800
2016/06/02,44.7200,6682821.0000,44.7000,44.7200,44.5000
2016/06/01,44.7000,8898124.0000,44.6000,44.7750,44.4900
2016/05/31,44.6000,18934810.0000,44.9800,44.9800,44.2600
2016/05/27,44.7800,7887600.0000,44.7100,44.9600,44.6500
2016/05/26,44.6900,8695717.0000,44.5300,44.7650,44.4400
2016/05/25,44.3800,9218142.0000,44.5100,44.6300,44.2500
2016/05/24,44.3700,12633890.0000,44.1000,44.4200,44.0000
2016/05/23,43.9700,13553370.0000,44.0700,44.1559,43.9400
2016/05/20,43.9500,12913870.0000,44.5100,44.5400,43.9400
2016/05/19,44.3200,10652220.0000,44.2500,44.3900,44.0400
2016/05/18,44.4800,12524170.0000,44.5600,44.8298,44.2300
2016/05/17,44.7500,17456450.0000,45.4500,45.5600,44.7100
2016/05/16,45.6200,9399949.0000,45.1600,45.7300,45.1400
2016/05/13,45.3500,10329100.0000,45.7500,45.8300,45.2300
2016/05/12,45.8300,10452920.0000,45.5500,45.8950,45.4850
2016/05/11,45.4600,8833093.0000,45.7300,45.8800,45.4500
2016/05/10,45.7500,8931387.0000,45.4400,45.8400,45.4200
2016/05/09,45.2400,8110493.0000,45.3200,45.5000,45.1700
2016/05/06,45.3200,8563796.0000,45.0600,45.4100,44.9150
2016/05/05,45.0600,8789666.0000,44.9300,45.4900,44.8700
2016/05/04,44.9800,9337556.0000,44.7200,45.1100,44.5050
2016/05/03,44.8400,10420240.0000,44.8700,45.0650,44.6500
2016/05/02,44.9800,12566080.0000,44.5700,45.1900,44.5700
2016/04/29,44.8000,11707240.0000,44.5300,44.8600,44.5000
2016/04/28,44.6300,10932510.0000,44.5000,44.9000,44.4600
2016/04/27,44.6800,11324840.0000,44.6400,44.8600,44.2500
2016/04/26,44.5300,13923140.0000,44.9200,44.9600,44.4300
2016/04/25,44.7100,11173720.0000,44.5000,44.7200,44.3800
2016/04/22,44.5400,25116050.0000,43.7900,44.6600,43.7900
2016/04/21,43.6600,37194950.0000,44.2600,44.2800,42.8700
2016/04/20,44.3700,40344680.0000,45.3400,45.3800,44.0600
2016/04/19,46.6000,14413610.0000,46.3100,46.6200,46.1500
2016/04/18,46.2200,11537940.0000,46.1300,46.2800,45.8200
2016/04/15,46.1000,13633420.0000,45.8200,46.1550,45.6800
2016/04/14,45.8300,12981240.0000,46.0600,46.2200,45.7450
2016/04/13,46.0400,13229310.0000,46.7700,46.7800,45.8200
2016/04/12,46.6500,11219100.0000,46.4100,46.7600,46.3500
2016/04/11,46.4400,11879670.0000,46.9000,47.1300,46.4100
2016/04/08,46.8700,11946950.0000,46.4400,46.9800,46.4400
2016/04/07,46.3600,9291886.0000,46.5000,46.5800,46.1600
2016/04/06,46.7100,9122641.0000,46.5700,46.7300,46.3800
2016/04/05,46.5300,10685790.0000,46.6200,46.8100,46.4400
2016/04/04,46.8900,10622260.0000,46.8400,46.9300,46.5001
2016/04/01,46.8300,14922480.0000,46.1400,46.8700,46.1100
2016/03/31,46.3900,15537560.0000,46.5500,46.8800,46.3200
2016/03/30,46.5800,14311930.0000,46.6300,46.7300,46.3300
2016/03/29,46.4800,24998890.0000,45.8600,46.5100,45.8100
2016/03/28,45.8000,13305420.0000,45.5600,45.9300,45.5100
2016/03/24,45.5800,10877620.0000,45.4500,45.6000,45.1900
2016/03/23,45.4600,9291564.0000,45.4000,45.7100,45.3500
2016/03/22,45.5000,13787750.0000,45.5500,45.7300,45.3900
2016/03/21,45.6700,9740034.0000,45.4200,45.8700,45.3600
2016/03/18,45.6000,23866210.0000,45.8400,45.8700,45.3900
2016/03/17,45.7700,24060820.0000,45.0500,45.9100,44.9650
2016/03/16,45.0500,15366790.0000,45.0500,45.1700,44.5500
2016/03/15,45.2400,13667530.0000,45.0800,45.5600,45.0700
2016/03/14,45.2900,13182750.0000,45.0400,45.4200,45.0400
2016/03/11,45.2000,16069510.0000,45.0000,45.2500,44.9300
2016/03/10,45.2300,28880640.0000,44.8400,45.2600,44.6800
2016/03/09,44.8100,18462650.0000,44.3900,44.8300,44.2900
2016/03/08,44.3200,18888700.0000,43.9200,44.4700,43.8100
2016/03/07,44.0100,10682730.0000,43.9100,44.1400,43.8600
2016/03/04,44.1100,13685210.0000,43.7800,44.1500,43.6800
2016/03/03,43.9600,13117210.0000,43.6100,43.9800,43.5400
2016/03/02,43.7700,12856310.0000,43.4700,43.7700,43.4200
2016/03/01,43.6900,12358150.0000,43.3800,43.6900,43.1700
2016/02/29,43.1300,15018260.0000,43.1700,43.6081,42.9200
2016/02/26,43.1400,18397570.0000,44.0400,44.0550,43.1050
2016/02/25,44.1600,10897630.0000,43.9600,44.1800,43.8650
2016/02/24,43.9100,10817810.0000,43.5640,43.9400,43.3700
2016/02/23,43.6900,11157040.0000,43.7400,44.0500,43.6600
2016/02/22,43.9400,20714540.0000,43.7600,44.1600,43.6300
2016/02/19,43.7700,12849870.0000,43.5800,43.7700,43.2800
2016/02/18,43.6100,11154720.0000,43.6300,43.7300,43.3000
2016/02/17,43.4900,12313480.0000,43.4200,43.6200,43.2800
2016/02/16,43.3600,12675530.0000,43.3200,43.4600,43.0200
2016/02/12,43.1100,15196580.0000,42.7200,43.1350,42.5600
2016/02/11,42.4100,16825080.0000,42.0300,42.6100,41.9800
2016/02/10,42.5500,16728120.0000,43.3400,43.3900,42.5100
2016/02/09,43.3000,24839360.0000,42.2600,43.4900,42.2600
2016/02/08,42.6500,17252430.0000,42.1700,42.7000,41.9000
2016/02/05,42.4400,17299960.0000,42.9300,42.9900,42.2600
2016/02/04,42.5300,14413630.0000,42.5200,42.8900,42.4000
2016/02/03,42.7200,15958300.0000,42.8000,42.9350,42.2800
2016/02/02,42.4400,12324990.0000,42.7000,42.7900,42.4050
2016/02/01,43.0000,17060810.0000,42.6000,43.1500,42.5700
2016/01/29,42.9200,20425560.0000,42.8600,43.2600,42.6500
2016/01/28,42.5700,16622810.0000,42.1800,42.7200,42.0600
2016/01/27,42.0900,14159250.0000,42.1800,42.4600,41.8100
2016/01/26,42.0800,12994240.0000,42.1600,42.5000,41.9300
2016/01/25,42.1600,12483360.0000,42.2400,42.5000,41.9300
2016/01/22,42.0600,15209220.0000,41.6400,42.2385,41.4500
2016/01/21,41.3900,15547320.0000,41.4500,41.5100,41.0861
2016/01/20,41.3800,19923490.0000,41.4500,41.6200,40.7500
2016/01/19,41.9200,15449100.0000,41.7700,42.1200,41.6500
2016/01/15,41.5000,21131870.0000,40.9500,41.5900,40.9260
2016/01/14,41.8800,16027470.0000,41.9900,42.1700,41.6400
2016/01/13,41.8500,16829600.0000,42.1700,42.5700,41.7900
2016/01/12,42.1200,21804440.0000,42.3000,42.4500,41.8700
2016/01/11,41.5800,15749380.0000,41.5800,41.8599,41.2900
2016/01/08,41.5100,14630430.0000,41.6500,42.1200,41.4100
2016/01/07,41.6200,20456460.0000,41.6500,42.1100,41.4496
2016/01/06,42.3200,16234370.0000,42.2000,42.5100,42.0400
2016/01/05,42.5500,15769450.0000,42.3100,42.6250,42.1700
2016/01/04,42.4000,16040870.0000,42.3400,42.5000,41.9650
2015/12/31,42.9600,9726895.0000,43.3000,43.3400,42.8700
2015/12/30,43.5700,5098879.0000,43.7500,43.7700,43.4500
2015/12/29,43.7100,7739807.0000,43.5400,43.7800,43.5000
2015/12/28,43.4900,6326030.0000,43.4400,43.5200,43.3100
2015/12/24,43.5400,3036573.0000,43.4900,43.7200,43.4200
2015/12/23,43.6700,9082436.0000,43.3900,43.7250,43.3500
2015/12/22,43.2900,12280330.0000,42.8600,43.3900,42.7100
2015/12/21,42.7800,10419730.0000,42.8200,42.9362,42.4600
2015/12/18,42.5000,24472900.0000,43.3600,43.4200,42.5000
2015/12/17,43.4900,14668780.0000,43.8100,43.8900,43.4200
2015/12/16,43.8400,21865760.0000,43.2500,43.9100,43.2500
2015/12/15,43.0700,17914330.0000,42.8400,43.2400,42.7600
2015/12/14,42.4500,20053640.0000,42.3100,42.7600,41.9700
2015/12/11,42.2700,17312930.0000,42.6300,42.8300,42.1400
2015/12/10,42.7600,15483280.0000,42.7300,43.0700,42.5250
2015/12/09,42.6600,12945500.0000,42.7800,43.2650,42.5000
2015/12/08,43.0100,10736110.0000,43.0500,43.2500,42.7950
2015/12/07,43.2000,12030710.0000,43.3100,43.4400,43.0000
2015/12/04,43.2900,16487970.0000,42.5800,43.4810,42.5800
2015/12/03,42.4600,15004860.0000,42.7300,42.8900,42.3200
2015/12/02,42.7700,12587880.0000,42.8300,42.9300,42.5900
2015/12/01,42.8900,11145240.0000,42.7300,43.1000,42.7300
2015/11/30,42.6200,15961140.0000,43.1200,43.1500,42.6050
2015/11/27,43.1500,7236711.0000,43.0400,43.2400,42.8000
2015/11/25,43.3600,10337720.0000,43.3200,43.5000,43.2400
2015/11/24,43.3600,15767160.0000,42.7000,43.6000,42.6600
2015/11/23,42.9600,13329980.0000,42.5500,43.1800,42.5300
2015/11/20,42.4300,19598610.0000,43.3100,43.5800,42.4000
2015/11/19,43.1100,24059160.0000,42.3200,43.3000,42.3200
2015/11/18,42.2800,12919280.0000,41.7700,42.3500,41.6800
2015/11/17,41.6700,12731250.0000,41.8500,42.1500,41.5050
2015/11/16,41.9600,11244860.0000,41.4300,42.0000,41.3900
2015/11/13,41.3800,11606670.0000,41.4600,41.7801,41.3600
2015/11/12,41.5800,10690680.0000,42.0100,42.0500,41.5700
2015/11/11,42.0400,9101132.0000,41.9400,42.2000,41.9200
2015/11/10,41.7700,8263718.0000,41.4400,41.8100,41.4300
2015/11/09,41.5400,10821810.0000,41.7000,41.7900,41.3400
2015/11/06,41.9600,11919420.0000,41.9700,42.2150,41.6100
2015/11/05,42.3300,9614491.0000,42.0000,42.3500,41.9800
2015/11/04,41.9700,10486780.0000,42.2700,42.3900,41.8900
2015/11/03,42.1600,9693094.0000,42.1800,42.3200,41.8100
2015/11/02,42.2400,16191640.0000,42.3200,42.3600,41.9000
2015/10/30,42.3500,15299550.0000,42.8000,42.8600,42.3500
2015/10/29,42.7900,9396126.0000,42.6600,42.9000,42.3350
2015/10/28,42.7300,13644020.0000,42.7500,42.8350,42.2100
2015/10/27,42.6100,30166610.0000,42.5000,42.7700,42.4801
2015/10/26,42.5900,14749440.0000,42.7600,42.8900,42.4600
2015/10/23,42.7900,18771410.0000,43.3100,43.3100,42.7500
2015/10/22,43.2400,35908240.0000,42.4400,43.8500,42.4100
2015/10/21,42.1900,19441500.0000,41.9400,42.5150,41.7100
2015/10/20,42.2900,16197320.0000,42.0000,42.4000,42.0000
2015/10/19,41.9900,15553770.0000,41.9000,42.0550,41.8000
2015/10/16,42.0200,20371060.0000,42.1600,42.2100,41.8800
2015/10/15,41.9200,11783810.0000,41.8700,42.0251,41.6000
2015/10/14,41.6800,14180000.0000,41.5600,41.9600,41.5600
2015/10/13,41.6500,12860980.0000,41.8000,41.9100,41.5400
2015/10/12,42.0000,12295800.0000,41.8300,42.2900,41.8100
2015/10/09,42.0200,13919310.0000,41.8200,42.1200,41.7800
2015/10/08,41.9800,11920040.0000,41.2600,41.9900,41.2600
2015/10/07,41.5200,14360910.0000,41.1400,41.6100,41.1000
2015/10/06,40.9600,14501420.0000,41.0400,41.3400,40.9300
2015/10/05,41.0100,15650260.0000,40.4500,41.0500,40.4300
2015/10/02,40.3900,15321760.0000,39.5600,40.3900,39.3600
2015/10/01,39.8000,19596440.0000,40.2200,40.4700,39.6000
2015/09/30,40.1200,19740940.0000,39.8800,40.2300,39.8000
2015/09/29,39.6600,14138720.0000,39.5200,39.7100,39.3300
2015/09/28,39.5300,19322810.0000,39.5200,39.8200,39.3300
2015/09/25,39.6200,22443670.0000,39.4300,40.0800,39.3300
2015/09/24,39.1500,19369550.0000,38.5200,39.1975,38.5100
2015/09/23,38.7600,8902324.0000,38.7900,38.8800,38.5500
2015/09/22,38.7900,15021320.0000,38.6800,38.9900,38.5800
2015/09/21,39.1900,12935270.0000,39.0500,39.3100,38.9400
2015/09/18,38.9800,27526250.0000,38.8600,39.3000,38.7100
2015/09/17,39.3800,21054900.0000,39.1500,39.6100,39.0400
2015/09/16,39.1500,22217080.0000,38.6700,39.1900,38.4700
2015/09/15,38.5000,12972500.0000,38.0700,38.6300,37.9200
2015/09/14,38.1000,8947071.0000,38.2200,38.2200,37.8500
2015/09/11,38.1300,11768990.0000,38.0100,38.1900,37.8400
2015/09/10,38.4200,14907300.0000,38.3100,38.6500,38.2500
2015/09/09,38.3000,13743030.0000,39.1200,39.2100,38.2000
2015/09/08,38.9000,15191460.0000,38.8700,39.0300,38.6000
2015/09/04,38.5200,15370980.0000,38.6800,38.7900,38.3750
2015/09/03,39.1600,13271630.0000,38.9000,39.3400,38.8400
2015/09/02,38.9000,14054600.0000,39.0300,39.0700,38.5600
2015/09/01,38.7500,23702610.0000,38.6700,39.0300,38.5400
2015/08/31,39.3200,12597620.0000,39.1500,39.4500,39.0549
2015/08/28,39.4500,14457900.0000,39.1100,39.4700,39.0500
2015/08/27,39.2700,18456250.0000,39.0600,39.3800,38.6000
2015/08/26,38.7300,23284550.0000,38.7500,38.8300,37.8900
2015/08/25,37.9900,30849510.0000,39.1300,39.2750,37.9300
2015/08/24,38.3800,44060830.0000,37.9900,38.9400,36.5600
2015/08/21,39.5300,28020900.0000,40.1600,40.4728,39.5100
2015/08/20,40.5500,14217280.0000,40.5200,40.8200,40.4200
2015/08/19,40.7800,15790620.0000,41.1400,41.2400,40.7800
2015/08/18,41.3000,11199340.0000,41.2800,41.5300,41.1900
2015/08/17,41.3500,8259361.0000,41.0300,41.4500,40.9700
2015/08/14,41.2500,9905614.0000,41.0100,41.2500,40.9600
2015/08/13,41.1000,10270770.0000,41.2800,41.3800,41.0100
2015/08/12,41.2600,9781354.0000,41.1300,41.2600,40.8500
2015/08/11,41.4800,11167890.0000,41.4000,41.5700,41.1700
2015/08/10,41.6800,9501271.0000,41.8900,41.9928,41.5800
2015/08/07,41.7700,10886720.0000,41.8100,41.9700,41.5300
2015/08/06,41.9200,11361260.0000,42.0000,42.2500,41.8600
2015/08/05,42.1200,15313020.0000,41.9200,42.2200,41.8200
2015/08/04,41.8500,17373900.0000,41.5100,41.8700,41.3400
2015/08/03,41.5400,14658870.0000,40.8500,41.5500,40.8400
2015/07/31,41.0800,15307190.0000,40.8800,41.2200,40.7700
2015/07/30,40.5600,9095413.0000,40.5500,40.7500,40.3900
2015/07/29,40.5900,8471697.0000,40.5300,40.7100,40.4900
2015/07/28,40.5500,10759640.0000,40.6500,40.7300,40.4400
2015/07/27,40.5400,10931840.0000,40.2800,40.5800,40.1600
2015/07/24,40.4400,10904960.0000,40.7600,40.8300,40.4100
2015/07/23,40.8400,13487380.0000,40.9900,41.0200,40.4800
2015/07/22,40.9000,15494010.0000,40.8100,41.5900,40.5900
2015/07/21,41.1900,13399680.0000,41.3800,41.5200,41.1000
2015/07/20,41.3800,10020720.0000,41.3500,41.5400,41.2201
2015/07/17,41.2500,9576287.0000,41.3100,41.3200,41.0500
2015/07/16,41.4800,10483490.0000,41.4200,41.6000,41.3500
2015/07/15,41.1300,11252000.0000,41.1500,41.3600,41.1040
2015/07/14,41.1700,19461400.0000,40.9000,41.2600,40.8400
2015/07/13,40.6600,9797471.0000,40.5600,40.7700,40.4900
2015/07/10,40.3900,13360180.0000,40.2700,40.5200,40.1600
2015/07/09,39.9200,13391930.0000,40.4600,40.5800,39.9000
2015/07/08,39.8600,11383520.0000,39.9900,40.2300,39.8400
2015/07/07,40.2500,20146630.0000,39.4900,40.3750,39.3950
2015/07/06,39.4200,10210170.0000,39.3200,39.6000,39.2200
2015/07/02,39.4900,8945794.0000,39.6300,39.8100,39.3500
2015/07/01,39.5000,10978420.0000,39.3800,39.6000,39.2800
2015/06/30,39.2300,14698870.0000,39.6100,39.6100,39.1200
2015/06/29,39.4000,15442090.0000,39.8000,39.9800,39.4000
2015/06/26,40.0000,16177730.0000,40.1000,40.3500,40.0000
2015/06/25,40.0200,10586880.0000,40.2800,40.3400,40.0200
2015/06/24,40.1900,10337730.0000,40.3700,40.4500,40.1900
2015/06/23,40.3800,11047600.0000,40.4300,40.5200,40.3100
2015/06/22,40.4800,8768800.0000,40.5100,40.8100,40.4600
2015/06/19,40.4000,23443420.0000,40.5900,40.6500,40.4000
2015/06/18,40.6500,16144230.0000,40.1600,40.7400,40.1600
2015/06/17,40.2700,13698140.0000,40.0800,40.3200,40.0100
2015/06/16,40.0800,12509300.0000,39.6300,40.1550,39.6000
2015/06/15,39.5900,11364400.0000,39.8300,39.8600,39.5700
2015/06/12,39.9600,15548010.0000,40.0400,40.1200,39.8400
2015/06/11,40.1000,11931870.0000,40.1100,40.2500,40.0300
2015/06/10,40.3300,11940840.0000,40.3200,40.5400,40.2810
2015/06/09,40.2000,10715020.0000,40.1700,40.4150,40.1100
2015/06/08,40.1600,14339040.0000,40.1000,40.2600,40.0200
2015/06/05,40.1000,15958770.0000,40.4800,40.5200,40.0800
2015/06/04,40.5900,10124720.0000,40.7100,40.9800,40.5300
2015/06/03,40.8700,8153273.0000,41.1000,41.2100,40.7800
2015/06/02,40.9900,11878840.0000,40.8400,41.1550,40.6800
2015/06/01,40.9400,12416980.0000,41.3600,41.4050,40.8800
2015/05/29,40.9600,19627600.0000,41.1800,41.1800,40.7650
2015/05/28,41.1400,9386003.0000,41.2000,41.3000,40.8801
2015/05/27,41.1200,9860561.0000,40.9400,41.2000,40.8300
2015/05/26,40.9900,15182920.0000,41.1200,41.1800,40.7400
2015/05/22,41.2100,11909500.0000,41.1200,41.2400,41.0400
2015/05/21,41.2300,9270257.0000,41.2600,41.3200,41.0700
2015/05/20,41.3500,10964230.0000,41.3700,41.5900,41.3100
2015/05/19,41.3100,9071997.0000,41.2300,41.3900,41.1300
2015/05/18,41.3200,11449620.0000,41.4900,41.4900,41.2500
2015/05/15,41.5200,8473657.0000,41.4500,41.6900,41.4300
2015/05/14,41.5000,9960962.0000,41.3000,41.5950,41.2549
2015/05/13,41.0500,13183220.0000,40.7500,41.3600,40.7200
2015/05/12,40.6900,12357330.0000,40.7700,40.9600,40.5200
2015/05/11,40.9400,10113180.0000,40.9800,41.3900,40.8800
2015/05/08,40.9800,11144430.0000,41.0000,41.1700,40.8500
2015/05/07,40.7000,13834290.0000,40.5300,40.9100,40.5100
2015/05/06,40.6600,11905040.0000,41.0400,41.0900,40.3900
2015/05/05,40.7500,11721250.0000,41.1400,41.1400,40.6800
2015/05/04,40.9600,10175190.0000,40.8800,41.1000,40.7700
2015/05/01,40.9100,10809610.0000,40.5800,40.9300,40.5000
2015/04/30,40.5600,12699420.0000,40.4000,40.5800,40.2800
2015/04/29,40.4900,11369770.0000,40.6600,40.7500,40.4000
2015/04/28,40.7700,12136490.0000,40.9500,40.9700,40.6000
2015/04/27,40.8300,10012950.0000,41.0000,41.1500,40.7800
2015/04/24,40.8900,11623170.0000,41.0400,41.1200,40.8100
2015/04/23,40.9500,17389650.0000,41.2300,41.4100,40.9200
2015/04/22,41.3100,26885290.0000,41.5600,41.5700,41.0700
2015/04/21,40.7800,19603810.0000,40.6700,40.9900,40.5400
2015/04/20,40.6600,13023840.0000,40.4200,40.9000,40.4100
2015/04/17,40.3000,15227590.0000,40.4700,40.6600,40.1040
2015/04/16,40.6000,13111490.0000,40.4100,40.8600,40.3000
2015/04/15,40.4000,11169120.0000,40.5900,40.8100,40.3200
2015/04/14,40.5100,11196260.0000,40.5900,40.6500,40.3199
2015/04/13,40.7000,9605631.0000,40.9700,40.9700,40.7000
2015/04/10,40.8800,8704377.0000,41.0900,41.1600,40.8500
2015/04/09,41.0500,12710410.0000,40.8000,41.0800,40.6300
2015/04/08,40.8900,8946927.0000,40.9800,41.0900,40.7400
2015/04/07,41.0100,9762521.0000,41.0500,41.3700,40.9700
2015/04/06,41.1700,19794470.0000,40.7700,41.6100,40.5900
2015/04/02,40.6800,14342900.0000,40.7300,40.8700,40.4800
2015/04/01,40.6800,14271040.0000,40.7900,40.8100,40.2300
2015/03/31,40.5500,16604180.0000,40.5100,40.9000,40.3500
2015/03/30,40.5100,12545500.0000,40.1100,40.6100,39.9400
2015/03/27,40.0800,14375710.0000,40.4800,40.4800,39.9700
2015/03/26,40.3500,17341290.0000,40.3400,40.5600,40.2300
2015/03/25,40.4500,22810970.0000,40.5900,40.7000,40.2400
2015/03/24,40.4700,13448910.0000,40.9100,40.9850,40.4700
2015/03/23,40.6200,17035420.0000,40.6400,40.9400,40.5000
2015/03/20,40.6500,31568330.0000,40.0700,40.6600,40.0100
2015/03/19,40.0200,16013260.0000,40.4800,40.5200,39.9600
2015/03/18,40.6000,26203370.0000,40.4800,40.7900,39.8000
