date,Otwarcie,Najwyzszy,Najnizszy,close,Wolumen
2015-01-16,2254.33,2273.11,2225.93,2252.33,31677863
2015-01-19,2256.97,2265.61,2232.01,2255.12,17609655
2015-01-20,2265.71,2275.27,2242.42,2242.42,18093707
2015-01-21,2249.92,2287.86,2245.26,2287.86,19650634
2015-01-22,2292.99,2326.6,2292.74,2319.45,22915524
2015-01-23,2322.49,2334.65,2315.14,2319.59,21426201
2015-01-26,2305.3,2313.08,2292.12,2307.29,18802479
2015-01-27,2313.16,2332.78,2296.03,2309.86,25613034
2015-01-28,2318.69,2331.89,2296.26,2319.18,28581222
2015-01-29,2321.4,2346.48,2312.8,2340.77,23257585
2015-01-30,2345.43,2350.44,2335.2,2341,19329251
2015-02-02,2344.22,2350.55,2307.78,2330.14,19878774
2015-02-03,2333.87,2343.18,2316.67,2335.42,25637983
2015-02-04,2337,2341.68,2327.49,2341.68,19548860
2015-02-05,2337.47,2341.58,2324.81,2341.58,25220533
2015-02-06,2344.11,2356.42,2340.11,2354.47,24244177
2015-02-09,2347.74,2350.31,2331.72,2339.79,16314590
2015-02-10,2342.25,2351.08,2337.28,2340.12,16131473
2015-02-11,2345.33,2346.36,2321.56,2323.5,33759471
2015-02-12,2329.33,2343.94,2324.38,2338.37,16518635
2015-02-13,2344.81,2346.95,2335.86,2346.95,20392321
2015-02-16,2350.22,2366.45,2350.09,2362,13398963
2015-02-17,2360.91,2368.17,2351.81,2360.31,23939066
2015-02-18,2369.74,2371.42,2346.71,2346.71,17782366
2015-02-19,2351.85,2358.28,2342.45,2348.06,15911448
2015-02-20,2349.94,2355.73,2344.31,2348.94,10019219
2015-02-23,2359.47,2365.58,2354.46,2365.58,19071003
2015-02-24,2364.12,2366.27,2346.3,2363.61,21829065
2015-02-25,2366.87,2369.24,2350.07,2354.65,17863397
2015-02-26,2350.47,2361.01,2345.31,2361.01,19126926
2015-02-27,2361.45,2368.58,2355.17,2367.1,29220424
2015-03-02,2371.78,2373.03,2349.94,2358.25,18661705
2015-03-03,2354.2,2357.91,2323.09,2323.09,18587621
2015-03-04,2323.71,2343.5,2307.09,2338,22087689
2015-03-05,2346.01,2359.92,2346.01,2355.75,36753703
2015-03-06,2358.87,2361.73,2340.36,2345.93,20279946
2015-03-09,2341.26,2357.32,2337.28,2344.12,16926296
2015-03-10,2343.04,2347.52,2312.55,2312.96,18507819
2015-03-11,2317.97,2325.54,2309.01,2325.12,18008719
2015-03-12,2334.7,2336.81,2318.23,2329.81,21028560
2015-03-13,2329.03,2330.76,2297.37,2303.4,19478897
2015-03-16,2306.79,2317.87,2301.25,2311.04,15569266
2015-03-17,2315.57,2339.17,2311.04,2330.39,18068702
2015-03-18,2333.12,2348.91,2332.43,2344.36,18993106
2015-03-19,2352.78,2384.78,2352.78,2384.78,26970392
2015-03-20,2387.65,2411.05,2383.97,2407.7,62999108
2015-03-23,2410.35,2414.39,2393.51,2414.39,11446892
2015-03-24,2405.98,2414.78,2399.83,2412.32,17222941
2015-03-25,2408.49,2413.2,2395.02,2395.4,24951160
2015-03-26,2383.55,2388.93,2372.07,2376.39,17809499
2015-03-27,2379.49,2389.83,2373.18,2373.18,20004263
2015-03-30,2383.57,2400.3,2383.56,2396.44,21727298
2015-03-31,2394.45,2403.11,2384.93,2395.94,21561035
2015-04-01,2390.61,2401.28,2388.15,2392.7,26610466
2015-04-02,2394.37,2400.89,2388.5,2400.65,16434302
2015-04-07,2407.5,2431.6,2405.1,2420.78,18973225
2015-04-08,2422.16,2432.94,2419.01,2424.82,26438088
2015-04-09,2423.81,2441.89,2423.16,2441.89,23136252
2015-04-10,2443.83,2451.52,2434.95,2443.62,21882338
2015-04-13,2441.37,2444.53,2433.4,2442.47,17331609
2015-04-14,2441.59,2442.98,2424.39,2434.89,16019618
2015-04-15,2432.55,2475.59,2432.55,2475.33,23011010
2015-04-16,2476.35,2503.65,2476.35,2503.65,26876279
2015-04-17,2500.19,2512.67,2463.96,2463.96,26266928
2015-04-20,2468.91,2510.26,2468.91,2505.34,20139306
2015-04-21,2513.88,2528.43,2498.52,2509.5,23036827
2015-04-22,2510.36,2526.18,2500.87,2520.38,25191763
2015-04-23,2529.38,2534,2506.45,2522.78,18562326
2015-04-24,2524.02,2531.29,2508.31,2519.2,20853296
2015-04-27,2520.88,2558.58,2518.99,2549.4,27151662
2015-04-28,2547.24,2557.19,2539.8,2548.98,29725213
2015-04-29,2549.16,2556.4,2516.77,2521.57,20020058
2015-04-30,2518.69,2529.38,2508.27,2514.63,24480983
2015-05-04,2519.97,2536.86,2517.05,2523.09,15011444
2015-05-05,2523,2528.14,2499.51,2507.95,16981361
2015-05-06,2503.35,2526.5,2498.76,2524.54,31626814
2015-05-07,2522.86,2527.64,2495.31,2522.61,22015212
2015-05-08,2525.11,2555.79,2525.11,2546.78,21390544
2015-05-11,2546.05,2547.78,2535.1,2535.1,15724407
2015-05-12,2537.79,2542.65,2511.2,2542.65,19826237
2015-05-13,2537.11,2550.84,2533.78,2540.26,26524234
2015-05-14,2535.55,2536.72,2512.65,2513.58,26050244
2015-05-15,2515.54,2528.07,2511.79,2514.84,16032544
2015-05-18,2521.14,2534.16,2515.08,2523.59,12649813
2015-05-19,2525.73,2537.53,2522.17,2523.35,16836283
2015-05-20,2524.07,2524.07,2501.33,2521.07,19657790
2015-05-21,2518.85,2526.83,2508.8,2524.83,14248975
2015-05-22,2522.37,2523.43,2505.41,2516.76,16797959
2015-05-25,2501.45,2501.45,2462.61,2473.17,10242332
2015-05-26,2459.98,2470.04,2447.05,2448.81,19134203
2015-05-27,2451.44,2461.84,2439.99,2460.74,31629509
2015-05-28,2462.81,2463.12,2441.15,2441.15,12683919
2015-05-29,2442.55,2458.64,2437.81,2437.81,32546739
2015-06-01,2441.39,2449.64,2430.1,2437.09,15812182
2015-06-02,2437.04,2437.04,2405.78,2408.73,19200849
2015-06-03,2411.41,2415.52,2386.07,2388.93,20498956
2015-06-05,2387.28,2387.28,2361.62,2365.58,20012361
2015-06-08,2365.68,2375.28,2354.26,2354.26,16424167
2015-06-09,2356.16,2372.94,2338.65,2338.65,22572662
2015-06-10,2339.7,2388.16,2338.84,2384.49,31147838
2015-06-11,2387.95,2393.72,2377.41,2383.87,15525001
2015-06-12,2384.63,2384.63,2358.73,2358.73,12698268
2015-06-15,2353.17,2372.2,2346.76,2358.03,11753851
2015-06-16,2356.77,2363.14,2347.51,2356.77,19961107
2015-06-17,2357.51,2368.57,2316.85,2321.39,22594023
2015-06-18,2315.57,2335.94,2304.33,2334.36,22270912
2015-06-19,2328.66,2331.87,2299.35,2299.35,36441291
2015-06-22,2312.13,2352.58,2312.13,2350.09,13237941
2015-06-23,2355.85,2361.06,2341.26,2341.26,13230143
2015-06-24,2340.37,2352.56,2332.76,2348.97,15123460
2015-06-25,2345.61,2369.41,2344.59,2354.74,19661403
2015-06-26,2352.13,2352.73,2333.82,2333.82,17860316
2015-06-29,2285.5,2303.38,2246.47,2291.23,13901201
2015-06-30,2288.77,2325.34,2283.13,2317.84,24765789
2015-07-01,2320.06,2334.15,2293.03,2293.03,16815203
2015-07-02,2298.5,2307.9,2285.41,2294.37,21034366
2015-07-03,2295.87,2299.45,2264.91,2278.17,8786069
2015-07-06,2263.47,2279.27,2249,2272.09,16300004
2015-07-07,2272.83,2286.31,2218.25,2218.64,18751658
2015-07-08,2219.58,2229.92,2203.06,2216.39,27705184
2015-07-09,2219.76,2230.65,2210.14,2230.65,17056341
2015-07-10,2244.68,2279.19,2240.97,2270.84,19545110
2015-07-13,2275.22,2289.16,2263.44,2269,13054745
2015-07-14,2269.4,2270.06,2247.96,2259.98,13764952
2015-07-15,2262.78,2264.17,2240.78,2257.62,12665003
2015-07-16,2264.61,2298.54,2259.34,2298.54,23860645
2015-07-17,2300.1,2303.66,2281.13,2285.03,15717219
2015-07-20,2282.98,2288.47,2244.3,2244.63,12860028
2015-07-21,2249.27,2257.91,2228.47,2249.67,13729941
2015-07-22,2247.23,2247.23,2182.34,2185.83,21947521
2015-07-23,2175.41,2202.6,2170,2200.84,21952079
2015-07-24,2195.82,2208.43,2183.02,2187.67,18460636
2015-07-27,2190.8,2193.31,2158.69,2189.08,17703450
2015-07-28,2192.86,2209.13,2190.46,2194.24,23563175
2015-07-29,2200.4,2236.2,2192.17,2212.02,20601596
2015-07-30,2216.29,2224.3,2180.6,2188.92,16737609
2015-07-31,2193.59,2227.51,2184.81,2227.51,23598308
2015-08-03,2221.27,2231.97,2216.55,2230.28,9706738
2015-08-04,2228.64,2231.86,2216.04,2227.98,13745311
2015-08-05,2228.26,2258.62,2224.8,2258.62,17294142
2015-08-06,2241.44,2241.44,2188.54,2196.22,30834016
2015-08-07,2196.01,2211.09,2188.72,2196.78,17697221
2015-08-10,2203.61,2222.25,2197.04,2222.25,9704075
2015-08-11,2221.86,2237.35,2212.88,2219.57,16676096
2015-08-12,2217.08,2217.08,2182.62,2200.08,19499134
2015-08-13,2203.68,2226.91,2203.68,2224.74,21532201
2015-08-14,2224.61,2234.45,2193.79,2198.22,17190628
2015-08-17,2200.35,2205.62,2169.82,2174.11,19793654
2015-08-18,2171.63,2179.62,2160.07,2169.59,27974958
2015-08-19,2179.98,2194.79,2167.16,2192.14,33013839
2015-08-20,2189.96,2206.93,2183.58,2200.86,28090266
2015-08-21,2181.55,2196.2,2167.62,2179.73,25955376
2015-08-24,2139.45,2139.45,2014.69,2056.38,43971652
2015-08-25,2053.54,2112.09,2049.22,2070.56,34626691
2015-08-26,2054.43,2082.36,2046.62,2074.49,30960027
2015-08-27,2091.04,2118.29,2091.04,2117.83,28655734
2015-08-28,2126.23,2145.12,2108.53,2145.12,25711607
2015-08-31,2142.45,2163.71,2131.09,2163.71,30147430
2015-09-01,2149,2149,2111.2,2115.75,22296286
2015-09-02,2119.03,2124.52,2106.99,2107.58,22525227
2015-09-03,2115.73,2156.71,2115.73,2155.07,23069834
2015-09-04,2150.62,2153.7,2131.59,2146.47,23980489
2015-09-07,2154.74,2162.86,2132.36,2132.36,10647003
2015-09-08,2137.37,2153.52,2133.73,2135.15,21347789
2015-09-09,2153.54,2168.98,2142.53,2142.53,38263870
2015-09-10,2140.69,2184.96,2139.25,2184.96,27994022
2015-09-11,2185.48,2194.72,2178.8,2185.46,18688839
2015-09-14,2175.24,2183.71,2163.73,2183.05,17630529
2015-09-15,2182.07,2187.22,2170.87,2185.88,20561585
2015-09-16,2187.9,2192.36,2168.89,2181.8,20614117
2015-09-17,2179.71,2202.05,2177.94,2199.46,25985120
2015-09-18,2199.43,2199.43,2148.57,2168.19,38806454
2015-09-21,2166.54,2180.91,2162.07,2178.27,14545431
2015-09-22,2178.38,2181.98,2131.39,2137.88,18530603
2015-09-23,2128.39,2139.45,2102.51,2106.8,19943227
2015-09-24,2110.49,2120.15,2070.21,2082.95,30875339
2015-09-25,2093.29,2107.52,2087.66,2091.73,16956137
2015-09-28,2092.84,2097.68,2054.2,2059.41,13971631
2015-09-29,2031.63,2050.89,2008.92,2043,21979717
2015-09-30,2052.89,2067.06,2042.23,2066.37,28396493
2015-10-01,2074.84,2078.07,2043.05,2049.93,22103759
2015-10-02,2053.15,2061.12,2025.98,2036.32,19857486
2015-10-05,2046.23,2095.95,2046.23,2088.27,22866172
2015-10-06,2089.63,2109.58,2079.12,2102.87,28048020
2015-10-07,2106.04,2116.03,2092.35,2110.39,31225588
2015-10-08,2104,2131.35,2096.24,2126.48,36549968
2015-10-09,2129.49,2147.11,2129.03,2143.28,30482714
2015-10-12,2147.86,2152.93,2125.08,2133.56,24323352
2015-10-13,2129.58,2129.58,2108.16,2123.43,24783626
2015-10-14,2115.39,2136.06,2105.46,2118.97,22690911
2015-10-15,2125.36,2142,2125.36,2136.42,18007766
2015-10-16,2146.31,2152.37,2121.94,2121.94,27072740
2015-10-19,2124.66,2134.36,2107.63,2111.04,17394911
2015-10-20,2108.15,2119.62,2103.26,2116.81,21780592
2015-10-21,2119,2122.06,2100.66,2105.65,23398582
2015-10-22,2101.44,2116.42,2094.4,2106.27,22615245
2015-10-23,2108.45,2123.32,2103.2,2107.43,21303462
2015-10-26,2093.76,2125.08,2087.42,2110.74,21235757
2015-10-27,2108.5,2114.54,2099.7,2113.06,21819019
2015-10-28,2108.61,2108.61,2093.71,2105.63,21015636
2015-10-29,2098.37,2102.64,2054.34,2059.34,25113008
2015-10-30,2059.5,2064.57,2042.72,2060.03,24984430
2015-11-02,2061.56,2081.58,2055,2077.09,14404234
2015-11-03,2079.14,2083.74,2060.15,2061.38,16348212
2015-11-04,2063.18,2082.64,2052.25,2063.08,24750500
2015-11-05,2058.67,2063.97,2041.24,2041.24,18920608
2015-11-06,2040.32,2044.87,2015.31,2019.78,34035532
2015-11-09,2023.65,2028.66,1997.23,2012.97,16219492
2015-11-10,2012.57,2033.2,2004.7,2021.92,31509478
2015-11-12,2029.2,2036.53,2004.3,2013.67,27271477
2015-11-13,2006.62,2011.12,1977.99,1978.87,27606547
2015-11-16,1972.9,1984.91,1960.36,1971.43,21202973
2015-11-17,1973.98,2010.86,1973.98,2007.62,24982435
2015-11-18,2004.13,2026.35,1993.37,2023.98,30613799
2015-11-19,2033.94,2033.94,2005.91,2009.73,20099244
2015-11-20,2011.7,2025.06,2009.4,2021.99,14542601
2015-11-23,2018.63,2018.63,1959.84,1982.57,24843759
2015-11-24,1983.03,1984.11,1929.84,1943.99,24322732
2015-11-25,1947.12,1964.07,1934.58,1943.3,29961611
2015-11-26,1945.77,1964.64,1944.45,1963.89,23064326
2015-11-27,1962.26,1962.26,1931.3,1936.05,21118866
2015-11-30,1934.54,1943.86,1919.88,1925.72,55787549
2015-12-01,1930.2,1944.65,1918.39,1923.94,23611785
2015-12-02,1921.82,1924.12,1875.13,1886.5,29987880
2015-12-03,1884.46,1902.1,1862.52,1867.96,50215218
2015-12-04,1858.4,1868.24,1807.89,1868.24,48502128
2015-12-07,1870.57,1890.72,1863.06,1864.92,27718281
2015-12-08,1862.91,1877.22,1811.23,1814.88,39020658
2015-12-09,1816.59,1823.34,1769.6,1773.21,41043216
2015-12-10,1775.94,1810.02,1775.94,1798.86,44502060
2015-12-11,1811.51,1825.03,1755.66,1757.37,40775355
2015-12-14,1759.14,1769.51,1745.97,1754.74,24707975
2015-12-15,1757.73,1778.37,1757.42,1771.99,25409799
2015-12-16,1775.68,1811.64,1770.59,1803.68,27975042
2015-12-17,1808.52,1864.69,1808.52,1840.57,51906163
2015-12-18,1832.7,1869.75,1825.35,1858.87,54211142
2015-12-21,1854.45,1877.28,1851,1866.19,20335365
2015-12-22,1866.89,1876.86,1854.5,1873.78,23429029
2015-12-23,1880.5,1887.49,1873.16,1879.75,13306194
2015-12-28,1874.62,1881.95,1869.91,1876.33,11719511
2015-12-29,1879.39,1907.91,1879.39,1893.32,15185090
2015-12-30,1891.75,1899.6,1858.61,1859.15,21178765
2016-01-04,1832.4,1832.4,1799.78,1804.42,14419432
2016-01-05,1811.27,1819.82,1777,1792.01,21412543
2016-01-07,1763.59,1766.85,1739.78,1745.46,35999729
2016-01-08,1750.93,1758.19,1715.08,1725.14,27068293
2016-01-11,1721.38,1727.15,1698.68,1703.78,25412325
2016-01-12,1712.16,1756.44,1712.16,1750.51,24733218
2016-01-13,1758.21,1784.09,1756.88,1772.48,32210931
2016-01-14,1760.5,1776.96,1737.47,1776.96,27293255
2016-01-15,1766.35,1769.67,1734.87,1734.87,24939045
2016-01-18,1712.35,1725.11,1678.78,1679.22,23640914
2016-01-19,1694.97,1716.76,1692.52,1692.52,27634730
2016-01-20,1680.19,1711.54,1657.66,1674.57,47927611
2016-01-21,1682.42,1710.2,1657.43,1683.81,31212679
2016-01-22,1696.79,1730.1,1696.79,1727.22,39486358
2016-01-25,1730.44,1738.16,1716.86,1729.62,23915455
2016-01-26,1714.31,1728.32,1705.89,1713.36,24097910
2016-01-27,1710.66,1728.84,1710.66,1728.84,23466826
2016-01-28,1726.3,1764.45,1726.3,1755.39,29664936
2016-01-29,1763.09,1780.25,1756.04,1780.25,37473738
2016-02-01,1781.67,1781.67,1760.71,1777.54,19575274
2016-02-02,1776.26,1779.17,1730.19,1731.64,23276219
2016-02-03,1734.44,1750.02,1726.09,1739.08,28150374
2016-02-04,1748.87,1788.65,1748.87,1788.65,30935987
2016-02-05,1789.26,1805.25,1782.58,1790.87,22589405
2016-02-08,1790.32,1792.73,1759.2,1769.71,15482765
2016-02-09,1766.02,1774.76,1746.44,1767.45,22512195
2016-02-10,1772.4,1792.1,1760.99,1760.99,27082604
2016-02-11,1759.51,1766.82,1730.66,1758.93,23386135
2016-02-12,1758.1,1782.03,1757.28,1765.53,16903963
2016-02-15,1780.23,1798.25,1779.97,1787.98,20103394
2016-02-16,1788.14,1791.3,1765.47,1783.93,28757370
2016-02-17,1786.14,1847.95,1786.14,1847.95,49637274
2016-02-18,1847,1878.14,1841.81,1853.76,38640992
2016-02-19,1848.09,1852.98,1835.19,1841.06,25894488
2016-02-22,1849.6,1881.08,1849.6,1859.73,20065091
2016-02-23,1847.9,1862.13,1838.35,1844.96,17830717
2016-02-24,1844.44,1849.03,1814.33,1818.37,24677157
2016-02-25,1826.34,1844.88,1822.54,1838.17,20829357
2016-02-26,1845.08,1863.49,1841.55,1844.57,26534447
2016-02-29,1836.93,1837.34,1811.86,1824.08,29883602
2016-03-01,1826.93,1830.34,1796.24,1825.07,23048721
2016-03-02,1830.28,1841.9,1807.12,1825.15,23430629
2016-03-03,1828.14,1877.15,1823.13,1877.15,34229092
2016-03-04,1877.6,1882.83,1859.5,1873.51,32702184
2016-03-07,1874.03,1895.41,1868.64,1895.41,30467024
2016-03-08,1887.19,1895.33,1868.78,1876.49,26705895
2016-03-09,1875.09,1879.48,1864.88,1878.59,24337555
2016-03-10,1876.34,1907.36,1873.47,1887.31,31157423
2016-03-11,1892.86,1917.7,1892.86,1910.87,22296727
2016-03-14,1917.09,1928.37,1902.88,1913.83,26634087
2016-03-15,1909.88,1915.57,1899.85,1906.08,23379104
2016-03-16,1909.6,1916.39,1891.13,1905.69,38327611
2016-03-17,1907.65,1951.48,1907.65,1944.21,41311318
2016-03-18,1944.75,1962.89,1939.05,1961.97,62647362
2016-03-21,1951.9,1957.67,1939.5,1952.63,29443472
2016-03-22,1948.94,1962.98,1932.53,1962.98,31455371
2016-03-23,1959.07,1969.36,1926.23,1935.61,28894904
2016-03-24,1933.12,1936.19,1912.07,1936.19,20956964
2016-03-29,1939.41,1959.9,1939.41,1953.84,23640886
2016-03-30,1962.38,1999.93,1962.28,1999.93,27564463
2016-03-31,1982.94,1997.69,1976.64,1997.69,34092958
2016-04-01,1985.37,1986.04,1959.62,1973.24,21802963
2016-04-04,1970.39,1988.78,1962.47,1986.14,14421926
2016-04-05,1976.23,1976.23,1933.84,1933.84,28318298
2016-04-06,1939.74,1943.44,1911.1,1919.59,22714383
2016-04-07,1928.52,1936.31,1892.25,1905.1,24307733
2016-04-08,1911.93,1920.37,1901.55,1919.42,18462986
2016-04-11,1919.03,1932.79,1907.85,1914.22,13902684
2016-04-12,1915.38,1917.61,1891.76,1907.72,13635001
2016-04-13,1918.51,1947.49,1918.51,1944.36,23013624
2016-04-14,1941.15,1954.76,1935.69,1951.75,20929065
2016-04-15,1952.47,1952.8,1928.14,1939.95,16926921
2016-04-18,1932.52,1946.34,1919.54,1946.34,18247628
2016-04-19,1946.09,1969.91,1946.09,1964.84,19421788
2016-04-20,1963.66,1965.73,1949.13,1962.88,24784806
2016-04-21,1966.84,1973.01,1938.82,1950.38,23388845
2016-04-22,1949.6,1951.47,1928.02,1943.03,19990609
2016-04-25,1940.55,1940.55,1917.29,1925.34,11722347
2016-04-26,1925.44,1931.05,1911.12,1916.35,20736974
2016-04-27,1913.09,1921.03,1887.83,1892.48,15019626
2016-04-28,1885.19,1900.33,1875.46,1897.98,20045380
2016-04-29,1899.32,1899.32,1878.9,1896.64,24487908
2016-05-02,1898.93,1914.12,1890.59,1899.72,6981530
2016-05-04,1890.87,1893.4,1859.68,1865.25,29677624
2016-05-05,1865.17,1865.17,1836.01,1837.71,18263349
2016-05-06,1838.83,1860.42,1827.42,1852.71,20075988
2016-05-09,1859.84,1861.17,1845.74,1848.45,21198631
2016-05-10,1845.54,1854.26,1818.34,1825.17,23851992
2016-05-11,1823.5,1830.58,1814.43,1818.02,23944451
2016-05-12,1817.25,1837.1,1812.61,1816.09,18599840
2016-05-13,1812.82,1829.07,1807.73,1815.38,16611967
2016-05-16,1829.37,1861.37,1829.37,1853.78,18574375
2016-05-17,1859.85,1872.99,1845.88,1846.5,28224518
2016-05-18,1845.98,1853.37,1832.42,1841.84,23707100
2016-05-19,1844.07,1844.07,1796.24,1799.9,25633235
2016-05-20,1800.76,1815.41,1789.92,1806.38,22378417
2016-05-23,1805.88,1824.78,1796.31,1818.97,19284440
2016-05-24,1817.47,1836.71,1811.7,1831.15,29141891
2016-05-25,1837.25,1860.4,1837.25,1849.27,27794939
2016-05-27,1849.78,1856.87,1839.22,1839.22,23791564
2016-05-30,1840.91,1848.66,1830.39,1841.79,10150022
2016-05-31,1844.22,1853.41,1808.24,1808.24,44853888
2016-06-01,1809.97,1809.97,1753.86,1759.49,30309580
2016-06-02,1759.87,1773.76,1748.22,1762.28,28050409
2016-06-03,1760.19,1797.04,1759.44,1793.43,30957813
2016-06-06,1797.23,1806.95,1780.55,1797.27,13358589
2016-06-07,1799.46,1834.41,1799.46,1832.79,24797013
2016-06-08,1833.06,1852.85,1811.33,1843.85,30757362
2016-06-09,1842.55,1844.58,1811.8,1814.14,22305032
2016-06-10,1815.5,1816.92,1777.73,1782.02,19772489
2016-06-13,1770.85,1783.55,1756.42,1780.01,16459219
2016-06-14,1777.15,1777.15,1749.29,1762.61,23034060
2016-06-15,1766.96,1779.14,1762.91,1772.91,25163389
2016-06-16,1758.15,1758.15,1723.35,1733.48,43629406
2016-06-17,1739.54,1755.92,1739.54,1754.45,44141609
2016-06-20,1764.76,1798.82,1764.76,1793.83,21984662
2016-06-21,1775.08,1802.61,1767.87,1802.61,29700988
2016-06-22,1801.47,1824.42,1791.52,1823.03,32099906
2016-06-23,1820.28,1853.71,1814.28,1853.71,27409035
2016-06-24,1676.13,1770.02,1641.85,1769.67,38264012
2016-06-27,1759.88,1761.63,1732.19,1732.19,28335886
2016-06-28,1753.04,1762.69,1739.3,1751.81,59349074
2016-06-29,1756.86,1762.05,1743.01,1756.2,36017509
2016-06-30,1751.77,1755.82,1735.15,1750.69,40410293
2016-07-01,1756.47,1762.69,1730.44,1744.56,25212727
2016-07-04,1728.89,1735.41,1697.33,1724.5,25854471
2016-07-05,1722.62,1731.95,1715.95,1715.95,21400218
2016-07-06,1716.3,1717.4,1686.81,1689.92,30206406
2016-07-07,1697.51,1726.74,1697.51,1713.51,25925571
2016-07-08,1714.84,1723.86,1705.43,1705.43,22335027
2016-07-11,1719.81,1745.43,1719.81,1745.43,27389933
2016-07-12,1747.85,1763.54,1744.51,1754.38,30344550
2016-07-13,1747.31,1761.65,1736.2,1744.15,40462314
2016-07-14,1740.03,1746.53,1729.82,1745.34,27884605
2016-07-15,1746.76,1768.15,1743.03,1759.41,31272389
2016-07-18,1764.85,1792.32,1763.65,1788.12,22155808
2016-07-19,1787.4,1792.47,1774.74,1792.47,20094927
2016-07-20,1797.25,1800.65,1785.65,1800.41,19950251
2016-07-21,1800.15,1804.13,1791.87,1803.68,17699161
2016-07-22,1800.87,1800.87,1784.74,1792.97,18179805
2016-07-25,1798.64,1819.01,1798.64,1814.75,19084125
2016-07-26,1812.16,1812.48,1798.27,1803.96,19907267
2016-07-27,1800.65,1803.09,1786.66,1797.63,26953620
2016-07-28,1791.55,1797.62,1783.83,1788.51,24756841
2016-07-29,1792.92,1792.92,1756.72,1759.74,33090872
2016-08-01,1760.37,1773.96,1749.18,1762.12,17905596
2016-08-02,1777.79,1819.49,1775.63,1803.63,45079529
2016-08-03,1806.56,1810.12,1787.69,1790.09,21685141
2016-08-04,1791.12,1820.24,1791.12,1820.24,27454303
2016-08-05,1822.66,1828.79,1811.16,1825.45,16313578
2016-08-08,1828.23,1838.91,1826.49,1837.05,14873997
2016-08-09,1836.65,1850.53,1823.54,1847.15,19893467
2016-08-10,1845.78,1852.54,1838.78,1852.54,15769572
2016-08-11,1850.84,1864.93,1844.97,1864.7,21004519
2016-08-12,1863.79,1869.53,1854.84,1857.7,17061713
2016-08-16,1856.22,1856.76,1844.83,1846.86,19976478
2016-08-17,1847.28,1848.64,1821.22,1824.4,22443445
2016-08-18,1824.61,1830.47,1808.68,1821.01,20970661
2016-08-19,1824.95,1825.89,1797.51,1800.17,21534424
2016-08-22,1799.87,1811.69,1793.96,1800.34,17945573
2016-08-23,1793.48,1804.55,1779.58,1790.6,27656461
2016-08-24,1787.89,1792.4,1774.07,1786.32,25219854
2016-08-25,1788.99,1788.99,1773.67,1781.68,19845032
2016-08-26,1783.26,1784.47,1772.7,1775.9,15736982
2016-08-29,1772.66,1782.1,1770.56,1777.35,11954990
2016-08-30,1776.41,1802.87,1771.51,1798.23,23204767
2016-08-31,1797.35,1797.35,1788.79,1793.56,30390256
2016-09-01,1796.61,1803.95,1759.68,1761.68,28885190
2016-09-02,1760.27,1769.58,1753.65,1767.55,23937763
2016-09-05,1770.85,1794.5,1770.72,1788.02,25949091
2016-09-06,1792.02,1799.76,1774.73,1790.83,25532959
2016-09-07,1792.71,1815.28,1792.71,1810.02,24691627
2016-09-08,1811.76,1818.94,1789.59,1793.48,24962631
2016-09-09,1792.55,1792.62,1753.12,1754.12,22607907
2016-09-12,1746.6,1746.6,1710.61,1731.37,24285483
2016-09-13,1736.54,1745.4,1718.56,1727.69,29377225
2016-09-14,1730.91,1742.23,1725.57,1736.68,15305726
2016-09-15,1736.24,1745.97,1735.85,1745.97,15236315
2016-09-16,1745.2,1747.91,1734.17,1734.26,37827541
2016-09-19,1740.57,1761.7,1740.57,1749.78,18818511
2016-09-20,1748.71,1755.59,1741.64,1755.59,19570101
2016-09-21,1755.52,1761.41,1753.22,1758.47,23702393
2016-09-22,1762.09,1776.22,1748.65,1776.22,59119257
2016-09-23,1774.4,1774.4,1748.18,1762.48,31636193
2016-09-26,1756.5,1756.5,1730.04,1740.05,20590324
2016-09-27,1741.68,1743.86,1716.97,1732.81,25569684
2016-09-28,1734.12,1743.4,1728.35,1734.59,27823162
2016-09-29,1730.66,1735.49,1715.78,1730.45,23435359
2016-09-30,1723.24,1732.52,1709.51,1709.51,32979844
2016-10-03,1713.16,1728.59,1711.02,1725.44,16792867
2016-10-04,1728.57,1756.87,1728.57,1754.04,31050839
2016-10-05,1755.28,1769.2,1743.5,1762.23,32012545
2016-10-06,1762.95,1763.83,1750.87,1761.9,28436818
2016-10-07,1762.35,1762.35,1748.3,1751.72,26918222
2016-10-10,1757.71,1769.84,1755.77,1765.95,16023786
2016-10-11,1767.37,1770.34,1754.76,1757.04,21130370
2016-10-12,1753.78,1760.43,1743.75,1760.43,23215244
2016-10-13,1751.92,1751.92,1726.8,1727.55,29480532
2016-10-14,1732.81,1737.65,1719.64,1719.64,20419679
2016-10-17,1717.26,1728.36,1711.92,1714.2,23655188
2016-10-18,1720.14,1731.22,1711.86,1721.21,29062782
2016-10-19,1722.43,1750.44,1720.63,1744.53,41470961
2016-10-20,1751.16,1758.76,1747.85,1748.99,26821799
2016-10-21,1751.18,1760.14,1749.32,1752.25,27484727
2016-10-24,1753.46,1784.95,1753.46,1782.79,22769939
2016-10-25,1782.68,1800,1782.68,1785.59,32360213
2016-10-26,1785.14,1790.94,1771.44,1779.73,25294669
2016-10-27,1780.78,1798.42,1779.74,1795.33,32624860
2016-10-28,1795.14,1817.79,1783.82,1817.79,28725951
2016-10-31,1816.88,1831.49,1809.89,1814.66,27833606
2016-11-02,1804.87,1804.87,1759.01,1765.62,40381546
2016-11-03,1764.66,1773.49,1756.86,1767.37,32701997
2016-11-04,1765.48,1766.13,1757.07,1758.22,17564259
2016-11-07,1773.16,1788.47,1755.4,1761.79,25201503
2016-11-08,1767.24,1783.22,1767.24,1783.22,20600260
2016-11-09,1761.64,1790.66,1748.46,1790.66,26990388
2016-11-10,1800.19,1831.76,1796.75,1796.75,44102443
2016-11-14,1794.23,1805.3,1753.86,1753.86,41094272
2016-11-15,1757.25,1767.71,1746.95,1754.02,36263626
2016-11-16,1757.61,1769.29,1750.08,1758.54,33527644
2016-11-17,1761.95,1766.31,1739.73,1742.39,23768387
2016-11-18,1736.82,1741.6,1717.55,1725.74,24377592
2016-11-21,1731.39,1757.81,1731.39,1756.35,31942158
2016-11-22,1765.41,1779.86,1765.41,1775.66,27841299
2016-11-23,1772.69,1796.63,1772.66,1796.63,34561177
2016-11-24,1798,1811.99,1795.48,1807.27,19371914
2016-11-25,1810.46,1812.8,1785.16,1796.3,30842716
2016-11-28,1794.64,1796.61,1774.67,1776.3,24655191
2016-11-29,1777.84,1785.08,1771.13,1780.04,29194098
2016-11-30,1783.45,1808.78,1783.06,1798.22,80903768
2016-12-01,1802.89,1802.89,1781.72,1783.94,28044975
2016-12-02,1787.79,1790.9,1777.56,1783.57,26538153
2016-12-05,1788.93,1845.66,1788.93,1845.66,24302885
2016-12-06,1846.82,1878.76,1843.64,1876.56,36975575
2016-12-07,1877.73,1900.64,1874.68,1889.51,53037801
2016-12-08,1898.82,1924.22,1885.42,1921.08,58329246
2016-12-09,1916.66,1918.27,1888.59,1899.76,44104028
2016-12-12,1904.31,1904.52,1875.67,1882.58,26640178
2016-12-13,1886.78,1919.67,1885.2,1919.49,39882380
2016-12-14,1917.77,1935.51,1904.54,1934.87,41191584
2016-12-15,1931.36,1932.39,1909.35,1911.16,23926034
2016-12-16,1913.05,1927.9,1903.57,1918.54,59526031
2016-12-19,1915.46,1929.48,1893.02,1924.67,28448920
2016-12-20,1929.47,1948.4,1929.47,1940.46,36354598
2016-12-21,1941.74,1952.86,1925.43,1927.9,26558440
2016-12-22,1927.7,1944.84,1914.23,1943.73,25241792
2016-12-23,1942.49,1955.42,1927.03,1933.6,12806768
2016-12-27,1933.1,1939.56,1930.21,1936.72,6557708
2016-12-28,1935.38,1945.77,1924.02,1932.75,18109174
2016-12-29,1934.69,1946.32,1931.44,1946.32,15662597
2016-12-30,1948.89,1957.17,1945.23,1947.92,16145079
2017-01-02,1947.54,1963.54,1937.24,1956.72,7933681
2017-01-03,1961.73,1990.4,1961.73,1989.64,25913047
2017-01-04,1991.97,2001.91,1981.29,1999.93,25643848
2017-01-05,1994.72,2007.15,1986.53,1998.76,27693819
2017-01-09,1999.15,2009.19,1991.08,2009.19,24813048
2017-01-10,2007.4,2034.03,2007.4,2023.64,28956830
2017-01-11,2024.89,2033.43,2010.45,2030.64,33749999
2017-01-12,2029.68,2044.59,2015.98,2022.95,31726069
2017-01-13,2023.01,2027.02,2007.24,2015.89,22310505
2017-01-16,2013.32,2033.73,2002.09,2025.25,19712924
2017-01-17,2026.4,2026.4,2012.61,2015.28,18011851
2017-01-18,2018.57,2021.84,2005.65,2005.65,25378612
2017-01-19,2005.6,2020.12,2005.49,2015.47,17609117
2017-01-20,2015.31,2027.35,2006.01,2006.01,22934976
2017-01-23,2004.04,2007.59,1991.36,1991.36,14323802
2017-01-24,1994.53,2013.45,1985.66,2013.17,22832370
2017-01-25,2015.01,2080.98,2015.01,2079.15,31111078
2017-01-26,2086.78,2101.66,2074.26,2080.4,57201144
2017-01-27,2078.43,2087.72,2064.85,2084.05,24071241
2017-01-30,2082.83,2088.55,2051.49,2051.49,16549519
2017-01-31,2052.23,2074.86,2051.06,2056.83,23020800
2017-02-01,2065.94,2090.58,2065.94,2079.1,23564712
2017-02-02,2078.01,2079.66,2062.38,2065.14,18037770
2017-02-03,2065.59,2076.26,2060.17,2076.12,19227025
2017-02-06,2078.45,2096.99,2072.75,2089.61,19397350
2017-02-07,2089.06,2096.61,2078.29,2086.54,16986382
2017-02-08,2087.15,2091.32,2075.54,2083.65,25640046
2017-02-09,2092.88,2138.41,2090.98,2132.4,38869671
2017-02-10,2144.56,2159.87,2144.56,2154.79,40919647
2017-02-13,2161.17,2186.24,2157.79,2179.66,30744200
2017-02-14,2181.34,2186.18,2160.9,2173.76,64235026
2017-02-15,2180.23,2191.14,2162.71,2184.33,46522131
2017-02-16,2185.44,2225.04,2176.09,2215.36,50313620
2017-02-17,2214.85,2219.09,2181.51,2188.3,32846468
2017-02-20,2193.39,2200.49,2186.28,2192.79,14252190
2017-02-21,2192.53,2248.52,2192.18,2248.52,27478572
2017-02-22,2252.57,2260.77,2231.02,2251.02,26211709
2017-02-23,2249.81,2272.01,2241.82,2256.01,26058113
2017-02-24,2252.39,2253.93,2202.39,2212.04,29656618
2017-02-27,2212.87,2223.76,2199.4,2210.26,18271128
2017-02-28,2214.22,2216.98,2187.79,2191.25,32147756
2017-03-01,2195.25,2259.6,2195.25,2253.96,33219483
2017-03-02,2256.56,2269.47,2241.45,2254.51,38923722
2017-03-03,2244.31,2248.09,2228.38,2232.98,35069211
2017-03-06,2232.66,2240.03,2211.05,2217.41,23454376
2017-03-07,2212.81,2217.31,2198.21,2200.98,27289266
2017-03-08,2196.62,2216.67,2196.62,2213.24,24394432
2017-03-09,2215.88,2215.88,2167.04,2189.66,33497573
2017-03-10,2195.42,2224.01,2195.42,2200.03,24594189
2017-03-13,2200.2,2242.55,2200.2,2242.55,21398510
2017-03-14,2242.95,2249.26,2228.74,2238.38,34980452
2017-03-15,2244.71,2246.33,2228.72,2229.87,26088999
2017-03-16,2246.85,2285.17,2246.85,2283.7,30882447
2017-03-17,2285.74,2308.92,2284.23,2296.97,62883209
2017-03-20,2294.85,2295.07,2265.28,2281.45,16461569
2017-03-21,2280.19,2301.34,2243.34,2252.57,25935929
2017-03-22,2230.81,2230.81,2204.96,2223.84,25580730
2017-03-23,2216.35,2236.92,2213.96,2235.33,24460096
2017-03-24,2235.16,2245.11,2222.71,2234.82,14353562
2017-03-27,2215.3,2215.3,2189.23,2201.88,15550507
2017-03-28,2209.06,2225.41,2208.01,2225.41,20395136
2017-03-29,2235.73,2246.31,2202.8,2214.45,22060664
2017-03-30,2218.61,2221.62,2187.93,2209.1,22104507
2017-03-31,2203.46,2206.23,2175.96,2175.96,25578190
2017-04-03,2188.57,2223.94,2188.57,2219.88,15253292
2017-04-04,2215.65,2245.98,2212.81,2239.3,16056012
2017-04-05,2238.79,2262.18,2237.34,2253.64,19887374
2017-04-06,2243.86,2254.47,2228.48,2254.47,16506847
2017-04-07,2250.06,2255.72,2233.49,2248.33,17336224
2017-04-10,2250.93,2255.25,2243.26,2244.02,12876184
2017-04-11,2241.61,2253.02,2206.89,2221.82,23443244
2017-04-12,2223.29,2238.45,2212.6,2214.06,22528334
2017-04-13,2216.92,2238.09,2214.26,2233.63,21122349
2017-04-18,2237.96,2259.53,2231.06,2237.36,25384597
2017-04-19,2243.91,2276.46,2243.38,2274.69,29982677
2017-04-20,2273.77,2291.55,2267.55,2285.82,27111821
2017-04-21,2287.86,2300.71,2259.11,2264.07,25878152
2017-04-24,2283.16,2304.25,2283.16,2296.9,19952215
2017-04-25,2300.42,2353.17,2300.42,2353.17,25366154
2017-04-26,2354.17,2387.66,2342.28,2383.97,30797141
2017-04-27,2378.56,2393.45,2371.98,2382.78,26213756
2017-04-28,2384.53,2399.24,2368.94,2376.87,27644705
2017-05-02,2381.68,2398.73,2381.68,2392.09,19789466
2017-05-04,2395.19,2422.31,2365.66,2381,39728578
2017-05-05,2367.91,2385.44,2349.24,2382.17,26507264
2017-05-08,2389.8,2394.29,2360.64,2374.23,19660762
2017-05-09,2378.66,2414.73,2376.17,2413.53,23805914
2017-05-10,2409.88,2419.08,2375.44,2380.25,23425141
2017-05-11,2381.66,2408.99,2361,2364.93,34945317
2017-05-12,2367.93,2374.62,2358.91,2368.5,28745677
2017-05-15,2378.39,2388.7,2361.82,2377.15,16598875
2017-05-16,2375.63,2380.39,2323.57,2340.34,23040908
2017-05-17,2330.87,2337.51,2301.12,2302.21,28726993
2017-05-18,2299.09,2311.2,2263.06,2295.14,22977944
2017-05-19,2297.16,2334.82,2292.35,2328.7,21626569
2017-05-22,2336.02,2346.84,2304.8,2343.13,20461056
2017-05-23,2339.18,2342.23,2305.86,2307.84,18972546
2017-05-24,2305.98,2324.99,2292.01,2324.99,23585504
2017-05-25,2339.54,2363.03,2339.54,2358.41,31903580
2017-05-26,2353.12,2354.58,2326.28,2326.28,16854500
2017-05-29,2326.69,2331.27,2314.7,2323.58,6709810
2017-05-30,2315.74,2315.74,2286.41,2292.27,17732229
2017-05-31,2292.96,2317.62,2277.06,2281.18,49624647
2017-06-01,2283.62,2289.82,2267.37,2278.26,25962936
2017-06-02,2292.38,2303.21,2289.42,2303.21,19614438
2017-06-05,2301.67,2302.4,2271.97,2276.01,16067069
2017-06-06,2270.87,2307.5,2257.98,2303.68,19897901
2017-06-07,2308.36,2328.34,2305.34,2308.64,27352510
2017-06-08,2310.69,2343.56,2300.75,2340.23,24473615
2017-06-09,2339.71,2355.79,2330.72,2330.72,20795133
2017-06-12,2329.9,2329.9,2288.64,2295.01,16466683
2017-06-13,2297.3,2310.42,2284.71,2302.41,16779454
2017-06-14,2301.42,2311.02,2288.64,2295.99,23315258
2017-06-16,2293.17,2315.37,2290.96,2304.5,35238957
2017-06-19,2312.63,2337.06,2312.63,2334.27,26776212
2017-06-20,2327.84,2327.84,2297.65,2302.83,19692102
2017-06-21,2295.92,2319.13,2280.63,2319.13,28205430
2017-06-22,2313.6,2323.43,2300.68,2308.16,18948649
2017-06-23,2305.7,2317.13,2302.88,2304.48,21772871
2017-06-26,2313.84,2351.61,2313.84,2337.69,16791441
2017-06-27,2334.82,2355.53,2332.27,2345.05,23102328
2017-06-28,2343.41,2343.41,2322.38,2327.68,18697601
2017-06-29,2334.5,2350.41,2315.39,2329.26,15564727
2017-06-30,2324.71,2329.24,2297.08,2299.8,20115077
2017-07-03,2305.25,2323.74,2301.55,2323.74,10843440
2017-07-04,2317.64,2317.64,2293.08,2294.27,12065259
2017-07-05,2298.75,2307.87,2294.14,2307.49,19002253
2017-07-06,2309.29,2323.94,2288.76,2300.74,13310858
2017-07-07,2299.26,2306.23,2290.98,2295.82,13058367
2017-07-10,2305.52,2316.01,2290.47,2300.66,13262509
2017-07-11,2303.48,2312.57,2294.2,2297.73,17643061
2017-07-12,2297.08,2343.27,2297.08,2341.54,30946174
2017-07-13,2335.49,2350.83,2333.08,2350.83,32212428
2017-07-14,2349.47,2351.05,2333.11,2350.43,20685827
2017-07-17,2353.46,2379.2,2353.46,2372.17,18412793
2017-07-18,2367.99,2381.08,2355.4,2360.75,18680541
2017-07-19,2364,2378.42,2362.34,2374.31,22258496
2017-07-20,2375.73,2387.1,2357.35,2358.5,24806706
2017-07-21,2356.9,2370.28,2342.42,2343.1,20637206
2017-07-24,2344.63,2345.94,2329.49,2334.69,13867593
2017-07-25,2337.8,2346.12,2328.87,2341.36,25054105
2017-07-26,2344.28,2363.74,2344.28,2360.26,16089710
2017-07-27,2361.54,2363.85,2343.57,2350.91,19418237
2017-07-28,2344.85,2360.83,2331.71,2360.42,23276373
2017-07-31,2357.45,2388.25,2356.82,2374.17,27541587
2017-08-01,2377.03,2387.16,2366.02,2386.4,21992640
2017-08-02,2387.69,2397.4,2363.84,2366.06,23655870
2017-08-03,2365.65,2374.8,2353.22,2365.48,19913048
2017-08-04,2365.84,2385.36,2365.84,2380.16,14221430
2017-08-07,2380.96,2391.39,2376.42,2388.21,12889897
2017-08-08,2387.51,2425.02,2383.14,2425.02,17915206
2017-08-09,2420.38,2420.38,2391.26,2408.11,18513508
2017-08-10,2403.19,2412.2,2378.92,2382.67,20435255
2017-08-11,2373.71,2379.21,2364.3,2371.72,17592427
2017-08-14,2375.77,2388.28,2374.89,2376.66,12262155
2017-08-16,2378.88,2401.17,2378.88,2381.18,24489014
2017-08-17,2378.87,2381.49,2353.18,2353.18,22422140
2017-08-18,2346.8,2359.87,2338.6,2359.87,18983058
2017-08-21,2358.89,2378.2,2350.86,2377.28,18076215
2017-08-22,2380.47,2393.15,2376.43,2387.24,18195791
2017-08-23,2387.52,2395.62,2374.66,2391.06,14965936
2017-08-24,2395.3,2456.82,2395.3,2456.27,28821793
2017-08-25,2464.81,2481.63,2459.27,2471.74,19644957
2017-08-28,2474.13,2534.04,2470.06,2531.31,21492576
2017-08-29,2525.41,2525.41,2479.35,2497.58,23903291
2017-08-30,2507.29,2537.24,2503.35,2524.57,24313159
2017-08-31,2520.23,2532.83,2501.59,2516.26,26150711
2017-09-01,2512.46,2528.82,2508.86,2527.62,15899558
2017-09-04,2513.38,2525.72,2508.27,2519.42,15063183
2017-09-05,2521.04,2550.74,2513.24,2517.45,20397129
2017-09-06,2512.11,2528.3,2506.3,2512.4,18696882
2017-09-07,2511.82,2528.65,2482.13,2491.79,24762483
2017-09-08,2488.67,2499.63,2479.83,2483.58,18177296
2017-09-11,2489.43,2524.21,2489.43,2513.44,17103778
2017-09-12,2518.15,2536.08,2500.09,2505.88,18662828
2017-09-13,2507.73,2522.25,2499.45,2500.16,18009304
2017-09-14,2502.15,2511.08,2498.32,2507.43,20550646
2017-09-15,2507,2514.27,2492.89,2498.32,44024410
2017-09-18,2503.74,2525.41,2497.1,2501.75,15089511
2017-09-19,2495.79,2512.63,2495.79,2502.81,16350884
2017-09-20,2505.52,2518.1,2480.2,2499.63,12881674
2017-09-21,2501.16,2501.16,2464.53,2468.72,18563784
2017-09-22,2464.57,2481.28,2460.28,2480.73,16698350
2017-09-25,2479.08,2485.2,2453.15,2453.15,12084534
2017-09-26,2452.04,2461.48,2437.15,2443.34,14174482
2017-09-27,2447.67,2456.47,2430.03,2433.82,12196405
2017-09-28,2430.81,2440.4,2422.97,2427.04,18051118
2017-09-29,2430.17,2462.04,2430.17,2453.46,19541273
2017-10-02,2459.84,2480.47,2456.08,2469.58,15273199
2017-10-03,2471.22,2488.67,2465.9,2469.51,19843352
2017-10-04,2470.39,2489.93,2443.82,2444.19,25133969
2017-10-05,2444.16,2469.8,2439.73,2463.45,17932630
2017-10-06,2466,2485.35,2463.56,2479.46,20003941
2017-10-09,2483.61,2499.35,2479.67,2499.35,11981485
2017-10-10,2506.81,2519.73,2503.89,2516.49,15674573
2017-10-11,2520.81,2556.95,2519.87,2551.78,32741288
2017-10-12,2557.48,2566.02,2536.52,2537.69,21374117
2017-10-13,2538.56,2546.32,2528.16,2528.16,14280377
2017-10-16,2528.44,2546.95,2528.44,2534.52,15732315
2017-10-17,2534.17,2538.75,2514.36,2514.36,20081572
2017-10-18,2518.16,2526.25,2502.34,2502.34,18134740
2017-10-19,2490.24,2501.36,2465.78,2467.49,20080841
2017-10-20,2473.82,2486.56,2457.52,2465.51,19161334
2017-10-23,2466.64,2487.81,2466.64,2473.42,14757641
2017-10-24,2468.98,2474.35,2447.09,2448.45,20890244
2017-10-25,2449.02,2466.39,2443.27,2449.89,13708375
2017-10-26,2452.47,2463.63,2441.88,2456.17,30666074
2017-10-27,2462.46,2492.93,2454.83,2488.5,25518363
2017-10-30,2490.8,2521.41,2490.8,2517.03,12461231
2017-10-31,2514.24,2524.9,2504.11,2524.9,15668991
2017-11-02,2524.52,2532.85,2496.85,2501.4,15111578
2017-11-03,2503.49,2509.59,2483.21,2494.52,16356788
2017-11-06,2497.52,2522.12,2486.33,2515.34,14099583
2017-11-07,2521.05,2566.59,2521.05,2536.37,23705386
2017-11-08,2545.38,2548.95,2512.4,2513.34,20131826
2017-11-09,2513.25,2513.88,2466.03,2478.21,20885908
2017-11-10,2477.93,2482.26,2456.04,2457.62,26890891
2017-11-13,2458.9,2472.26,2442.08,2454.6,26688370
2017-11-14,2464.53,2477.1,2456.17,2464.35,20013919
2017-11-15,2460.26,2460.26,2412.78,2418.96,17079680
2017-11-16,2428.52,2438.67,2409.42,2411.11,24881517
2017-11-17,2412.64,2445.7,2410.81,2443.83,13232085
2017-11-20,2438.15,2470.34,2431.37,2468.09,14080013
2017-11-21,2469.21,2496.62,2465.91,2489.08,21240636
2017-11-22,2490.63,2500.37,2472.85,2489.5,18166710
2017-11-23,2482.04,2514.94,2473.79,2503.93,11572042
2017-11-24,2502.59,2518.04,2478.62,2479.25,11566354
2017-11-27,2477.97,2504.29,2471.74,2497.15,13570449
2017-11-28,2494.79,2498.45,2473.94,2485.71,18230603
2017-11-29,2491.96,2506.2,2436.24,2436.24,17024671
2017-11-30,2436.48,2449.14,2408.69,2408.69,44732462
2017-12-01,2411.13,2430.44,2376.91,2389.92,20569569
2017-12-04,2392.69,2424.97,2370.52,2404.15,18495602
2017-12-05,2403.25,2423.52,2396.6,2407.72,16610992
2017-12-06,2400.9,2405.69,2383.18,2394.67,28557507
2017-12-07,2396.49,2414,2378.22,2393.34,30207862
2017-12-08,2400.6,2426.9,2397.88,2408.83,24553428
2017-12-11,2410.81,2417.3,2381.8,2386.93,13452021
2017-12-12,2385.06,2413.68,2375.2,2413.68,23133977
2017-12-13,2411.34,2415.97,2400.94,2409.46,16886531
2017-12-14,2405.42,2434.61,2404.08,2434.61,25027430
2017-12-15,2430.72,2432.48,2402.95,2416.95,39453558
2017-12-18,2420.28,2466.08,2420.28,2466.08,16866578
2017-12-19,2465.96,2478.97,2455.99,2455.99,14650308
2017-12-20,2455.5,2473.47,2453.77,2459.33,16781086
2017-12-21,2460.57,2467.89,2450.37,2463.59,14932691
2017-12-22,2462.69,2468.27,2445.65,2445.65,10108301
2017-12-27,2445.51,2480.63,2445.51,2480.63,16984290
2017-12-28,2475.48,2484.41,2464.31,2480.25,14429626
2017-12-29,2479.48,2481.71,2452.07,2461.21,14249523
2018-01-03,2463.26,2474.76,2430.69,2463.25,20684563
2018-01-04,2473.23,2536.84,2473.23,2533.17,30459124
2018-01-05,2530.77,2538.34,2514.09,2529.55,24857953
2018-01-08,2534.53,2551.32,2529.45,2548.61,20115690
2018-01-09,2552.5,2555.69,2522.21,2528.38,23981600
2018-01-10,2531.05,2531.6,2499.76,2511.27,20884553
2018-01-11,2517.35,2534.56,2504.67,2534.56,24590451
2018-01-12,2536.81,2550.79,2527.02,2539.29,17336808
2018-01-15,2535.37,2546.66,2523.83,2542.65,9109497
2018-01-16,2541.61,2602.34,2529.68,2591.1,30688753
2018-01-17,2587.72,2606.59,2584.69,2600.37,20608070
2018-01-18,2604.79,2610.63,2591.22,2591.22,17710495
2018-01-19,2592.75,2604.46,2589.89,2601.82,14913658
2018-01-22,2600.44,2621.93,2599.95,2620.87,17117639
2018-01-23,2629.53,2650.16,2613.07,2630.37,28512840
2018-01-24,2629.4,2630.21,2606.34,2621.59,19309927
2018-01-25,2614.92,2616.47,2587.95,2589.3,20922649
2018-01-26,2592.23,2601.99,2587.26,2600.48,19188796
2018-01-29,2599.2,2607.83,2583.4,2593.4,14459321
2018-01-30,2581.75,2581.75,2557.59,2566.14,17764773
2018-01-31,2565.29,2577.48,2553.81,2553.81,17988261
2018-02-01,2558.83,2580.23,2511.05,2534.21,17526649
2018-02-02,2526.55,2530.02,2502.95,2507.24,17744079
2018-02-05,2492.39,2508.7,2482.56,2505.98,17943951
2018-02-06,2445.53,2450.47,2401.89,2412.03,32490058
2018-02-07,2426.89,2441.67,2421.19,2441.67,26692347
2018-02-08,2440.29,2445.8,2406.48,2406.48,21040292
2018-02-09,2396.78,2409.64,2375.41,2382.79,32361862
2018-02-12,2402.18,2430.88,2402.18,2414.41,15319638
2018-02-13,2417.65,2431.67,2416.23,2431.67,19282376
2018-02-14,2439.12,2449.79,2413.79,2449.79,19553217
2018-02-15,2461.15,2473.58,2423.57,2423.57,17931321
2018-02-16,2445.4,2448.61,2396.54,2406.96,13445801
2018-02-19,2409.93,2420.91,2399.39,2408.49,7388012
2018-02-20,2404.56,2415.33,2392.16,2413.23,7938083
2018-02-21,2409.27,2411.07,2392.71,2405.47,18149909
2018-02-22,2389.87,2416.42,2372.06,2410.69,26234283
2018-02-23,2412.41,2427.26,2393.61,2406.11,16006759
2018-02-26,2418.02,2429.68,2403.09,2408.63,11836372
2018-02-27,2417.07,2429.65,2411.49,2421.51,23939840
2018-02-28,2410.71,2410.71,2364.32,2364.32,34958242
2018-03-01,2361.73,2365.51,2316.63,2334.96,30069522
2018-03-02,2327.98,2330.15,2298.69,2314.23,23190408
2018-03-05,2303.1,2330.1,2296.48,2330.1,14018445
2018-03-06,2344.54,2351.07,2331.3,2339.51,18832716
2018-03-07,2327.37,2363.38,2317.42,2359.57,25345728
2018-03-08,2362.53,2362.53,2320.21,2322.09,23039122
2018-03-09,2322.03,2354.54,2295.87,2354.54,23878302
2018-03-12,2362.62,2380.48,2359.56,2378.72,17165272
2018-03-13,2379.28,2380.12,2349.35,2353.02,23987095
2018-03-14,2353.74,2355.06,2332.48,2335.97,28553855
2018-03-15,2343.78,2354.45,2319.47,2321.87,21050176
2018-03-16,2320.19,2324.41,2280.75,2285.08,62261625
2018-03-19,2285.14,2291,2248.53,2248.53,16195571
2018-03-20,2250.26,2278.69,2237.96,2272.09,22177164
2018-03-21,2268.87,2322.94,2268.87,2320.77,26436072
2018-03-22,2313.07,2329.54,2266.96,2274.1,28591145
2018-03-23,2254.88,2265.16,2230.87,2257.22,22170863
2018-03-26,2260.83,2270.45,2238.74,2240.65,16786155
2018-03-27,2258.98,2283.33,2246.32,2246.32,19027476
2018-03-28,2238.85,2238.85,2192.91,2203.7,28633261
2018-03-29,2215.94,2227.06,2210.26,2210.38,17310444
2018-04-03,2211.17,2249.4,2199.53,2239.15,18921365
2018-04-04,2238.25,2238.25,2197.99,2200.99,20729188
2018-04-05,2222.86,2247.25,2222.86,2243.58,16919528
2018-04-06,2244.33,2268.22,2231.61,2258.8,16916600
2018-04-09,2261.72,2288.2,2248.23,2262.16,23026883
2018-04-10,2280.21,2287.35,2253.65,2274.81,30394054
2018-04-11,2274.22,2287.53,2254.2,2271.93,25202177
2018-04-12,2270.78,2310.67,2267.99,2306.44,21914999
2018-04-13,2310.75,2321.97,2304.72,2310.32,18521659
2018-04-16,2311.13,2313.96,2291.08,2300.2,10682603
2018-04-17,2304.58,2310.61,2291.39,2307.95,16627257
2018-04-18,2306.43,2316.06,2293.11,2315.5,20963469
2018-04-19,2310.94,2341.94,2308.03,2324.73,17008390
2018-04-20,2322.32,2334.22,2298.2,2298.2,21450260
2018-04-23,2299.31,2309.34,2289.68,2291.59,17634832
2018-04-24,2296.24,2315.26,2269.06,2269.06,20941112
2018-04-25,2266.88,2276.97,2253.15,2257,20466343
2018-04-26,2257.11,2284.31,2253.3,2283.15,18865261
2018-04-27,2286.49,2291.15,2271.05,2276.41,16392986
2018-04-30,2277.25,2298.23,2277.11,2291.87,12114602
2018-05-02,2291.87,2306.05,2284.35,2291.92,15073914
2018-05-04,2280.5,2280.5,2227.94,2233.35,18285048
2018-05-07,2242.8,2251.42,2213.06,2214.36,11497852
2018-05-08,2215.62,2236.4,2210.68,2236.4,26740130
2018-05-09,2236.49,2282,2236.49,2281.12,22327696
2018-05-10,2292.11,2311.55,2279.41,2302.71,26545502
2018-05-11,2303.97,2329.36,2299.44,2329.36,16771590
2018-05-14,2328.58,2333.07,2308.97,2321.09,15057691
2018-05-15,2311.71,2311.71,2273.5,2276.45,37033002
2018-05-16,2278.96,2278.96,2254.88,2275.91,21012834
2018-05-17,2269.54,2280.22,2253.6,2255.78,23789484
2018-05-18,2256.15,2268.61,2222.17,2230.32,21799223
2018-05-21,2231.47,2272.61,2231.47,2268.39,16848588
2018-05-22,2267.88,2269.15,2237.66,2248.71,19612175
2018-05-23,2242.19,2242.19,2200.81,2209.32,28548637
2018-05-24,2212.23,2241.43,2208.72,2213.26,30163221
2018-05-25,2216.49,2226,2196.02,2213.24,29693344
2018-05-28,2214.87,2232.88,2204.55,2217.87,12348420
2018-05-29,2208.65,2208.65,2161.35,2191.95,36309856
2018-05-30,2186.58,2186.58,2151.5,2157.07,159374900
2018-06-01,2158,2190.26,2144.73,2190.26,30134367
2018-06-04,2198.46,2221.05,2198.35,2210.1,20707694
2018-06-05,2217.1,2255.95,2197.38,2255.95,24148980
2018-06-06,2259.34,2266.11,2247.02,2256.67,23621089
2018-06-07,2267.32,2287.02,2260.17,2270.75,24576734
2018-06-08,2260.53,2260.53,2244.42,2250.06,17546792
2018-06-11,2259.61,2266.29,2229.68,2234.52,13890412
2018-06-12,2237.53,2256.63,2235.84,2252.39,17687950
2018-06-13,2256.86,2256.86,2227.14,2238.94,23765149
2018-06-14,2232.51,2247.99,2219.84,2238.39,18220100
2018-06-15,2240.09,2245.12,2203.01,2203.01,47615526
2018-06-18,2203.75,2209.5,2146.34,2150.98,15522433
2018-06-19,2137.66,2137.66,2108.1,2120.75,23457249
2018-06-20,2126.96,2176.46,2126.96,2154.18,16667292
2018-06-21,2159.39,2167.56,2127.92,2150.91,19893957
2018-06-22,2158.13,2174.15,2155.02,2162.88,21100094
2018-06-25,2154.93,2177.65,2149.03,2155.9,18592500
2018-06-26,2156.24,2174.11,2151.81,2153.4,18245830
2018-06-27,2149.33,2154.87,2129.8,2143.25,19418575
2018-06-28,2141.71,2141.71,2096.93,2098.75,19639940
2018-06-29,2111.05,2135.47,2111.05,2135.47,21960104
2018-07-02,2119.7,2125.11,2097.76,2119.31,15836242
2018-07-03,2125.36,2162.03,2123.69,2160.24,12363487
2018-07-04,2156.43,2182.51,2156.39,2182.51,9607409
2018-07-05,2164.27,2184.32,2154.51,2156.59,13916390
2018-07-06,2158.24,2165.15,2148.83,2152.06,14266167
2018-07-09,2162.62,2174.69,2141.14,2151.7,11232643
2018-07-10,2154.32,2194.86,2144.66,2177.67,20828950
2018-07-11,2171.87,2171.87,2150.88,2154.28,13982675
2018-07-12,2160.13,2169.94,2157.49,2161.2,13201054
2018-07-13,2169.37,2173.75,2147.66,2157.14,11278845
2018-07-16,2155.15,2165.93,2133.98,2133.98,9572086
2018-07-17,2141.57,2154.62,2132.06,2153.21,16471405
2018-07-18,2155.27,2167.04,2140.81,2149.12,15720475
2018-07-19,2137.6,2150.64,2127.36,2146.82,19914424
2018-07-20,2142.09,2182.92,2138.68,2182.92,24525499
2018-07-23,2189.2,2213.88,2184.77,2204.53,17749877
2018-07-24,2209.65,2249.28,2209.65,2244.27,21409637
2018-07-25,2250.61,2268.2,2236.63,2260.7,15241676
2018-07-26,2263.96,2309.86,2263.96,2304.67,21761558
2018-07-27,2306.43,2309.18,2285.08,2290.77,13807162
2018-07-30,2289.23,2327.77,2281.26,2327.77,15672724
2018-07-31,2322.89,2327.2,2294.9,2302.13,22469798
2018-08-01,2304.04,2315.48,2278.54,2315.48,19268130
2018-08-02,2309.85,2309.85,2278.44,2283.94,14948812
2018-08-03,2284.28,2301.97,2277.56,2286.92,10677341
2018-08-06,2290.1,2295.82,2267.3,2295.82,8405164
2018-08-07,2295.3,2309.59,2291.68,2304.11,11833275
2018-08-08,2321.55,2331.79,2301.11,2307.12,21388375
2018-08-09,2308.44,2324.73,2292.39,2324.73,13225627
2018-08-10,2308.65,2308.65,2247.15,2247.15,24704314
2018-08-13,2243.43,2271.34,2230.73,2260.88,16502908
2018-08-14,2268.7,2285.87,2252.28,2272.73,12656279
2018-08-16,2262.45,2268.24,2244.42,2262.1,18812432
2018-08-17,2265.39,2265.39,2217.74,2217.74,16081282
2018-08-20,2225.55,2243.71,2225.55,2236.08,16505716
2018-08-21,2241.25,2286.19,2241.25,2281.02,14055415
2018-08-22,2275.86,2308.85,2272.72,2295.63,20831193
2018-08-23,2295.14,2331.93,2285.59,2322.86,27521516
2018-08-24,2322.94,2322.94,2308.45,2312.7,15801181
2018-08-27,2318.85,2372.83,2318.85,2369.97,17890851
2018-08-28,2374.8,2395.77,2361.78,2390.42,19468742
2018-08-29,2386.53,2390.36,2375.47,2380.68,25961500
2018-08-30,2381.65,2387.65,2352.67,2353.92,24803503
2018-08-31,2348.6,2352.7,2333.37,2337.96,23794516
2018-09-03,2340.08,2370.82,2337.21,2355.67,14019698
2018-09-04,2361.39,2377.02,2312.13,2321.24,25190843
2018-09-05,2320.8,2325.39,2295.51,2295.51,32082177
2018-09-06,2291.67,2313.51,2290.73,2293.01,22388056
2018-09-07,2294.98,2303.91,2253.47,2257.3,24016475
2018-09-10,2258.76,2274.96,2251.92,2270.83,18998699
2018-09-11,2262.79,2271.93,2234.38,2248.35,27933088
2018-09-12,2252.17,2264.81,2210.16,2210.16,38305795
2018-09-13,2213.26,2250.11,2213.26,2233.46,23603015
2018-09-14,2243.41,2250.02,2217.53,2232.07,16888313
2018-09-17,2230.43,2231.99,2209.37,2210.99,21584577
2018-09-18,2209.74,2248.51,2209.74,2231.04,20440315
2018-09-19,2239.49,2269.89,2221.57,2259.1,31898025
2018-09-20,2261.41,2272.24,2253.6,2258.63,26680815
2018-09-21,2266.96,2286.76,2256.52,2257.47,143565896
2018-09-24,2261.65,2283.58,2261.65,2280.6,23647381
2018-09-25,2285.8,2310.95,2280.16,2290.19,20454785
2018-09-26,2292.73,2304.45,2285.3,2304.45,18929531
2018-09-27,2300.58,2315.07,2284.49,2315.07,20965780
2018-09-28,2304.24,2310.37,2258.47,2285.11,27172887
2018-10-01,2290.8,2320.98,2281.78,2284.01,13923278
2018-10-02,2272.46,2280.04,2259.38,2280.04,17249613
2018-10-03,2288.11,2305.09,2283.55,2298.2,24317758
2018-10-04,2289.13,2297.06,2268.78,2275.65,26511723
2018-10-05,2275.35,2278.81,2256.83,2264.2,23637219
2018-10-08,2259.71,2259.71,2224.13,2224.13,17477718
2018-10-09,2221.83,2257.31,2220.12,2251.32,19090836
2018-10-10,2254.22,2257.03,2192.51,2197.34,22302437
2018-10-11,2170.37,2181.01,2144,2159.88,25756848
2018-10-12,2174.35,2195.33,2174.35,2186.62,23949953
2018-10-15,2192.17,2194.5,2164.36,2170.05,17478382
2018-10-16,2176.49,2216.8,2176.49,2216.8,22094253
2018-10-17,2225.11,2234.08,2184.03,2199.53,23449412
2018-10-18,2197.47,2207.43,2180.35,2188.1,16966981
2018-10-19,2190.1,2202.16,2167.21,2196.99,16628625
2018-10-22,2203.23,2211.52,2179.33,2193.08,16546801
2018-10-23,2178.47,2178.47,2147.81,2147.81,19305273
2018-10-24,2152.52,2162.72,2144.4,2144.4,19779407
2018-10-25,2124.47,2144.86,2111.64,2142.69,20408440
2018-10-26,2139.9,2139.9,2082.77,2082.77,17914773
2018-10-29,2089.53,2118.48,2089.4,2103.72,13904761
2018-10-30,2104.5,2122.73,2092.18,2122.73,15077256
2018-10-31,2132,2151.88,2132,2151.88,30174419
2018-11-02,2169.62,2208.49,2169.62,2197.68,22661281
2018-11-05,2196.65,2234.79,2188.99,2233.74,15281896
2018-11-06,2237.84,2239.2,2214.47,2230.34,16632609
2018-11-07,2227.66,2282.59,2227.53,2276.65,24830888
2018-11-08,2280.1,2294.15,2258.19,2262.84,21974195
2018-11-09,2259.66,2259.66,2223.95,2232.25,16557395
2018-11-13,2230.91,2242.91,2209.34,2217.97,18259480
2018-11-14,2206.38,2243.42,2191.98,2231.9,24874810
2018-11-15,2237.44,2254.49,2202.91,2202.91,35404744
2018-11-16,2208.77,2221.69,2137.46,2165.46,40367263
2018-11-19,2173.2,2189.73,2152.58,2189.73,27279627
2018-11-20,2181.11,2195.17,2150.91,2160.57,29176585
2018-11-21,2167.92,2220.2,2167.92,2219.62,31292653
2018-11-22,2218.09,2241.04,2207.02,2236.35,17730119
2018-11-23,2234.74,2238.44,2209.33,2225.39,11226411
2018-11-26,2229.64,2245.08,2202.37,2213.57,15951481
2018-11-27,2215.58,2227.11,2202.99,2222.85,17080057
2018-11-28,2222.61,2268.14,2222.61,2264.51,25760476
2018-11-29,2273.83,2303.37,2273.83,2303.37,22752154
2018-11-30,2300.37,2300.37,2267.95,2291.08,34725362
2018-12-03,2310.75,2334.22,2310.75,2329.37,29918140
2018-12-04,2322.24,2344.91,2311.83,2344.91,37195668
2018-12-05,2319.32,2355.29,2296.26,2354.54,36548200
2018-12-06,2335.28,2335.28,2290.52,2294.34,32443515
2018-12-07,2300.79,2320.4,2273.31,2281.54,22011552
2018-12-10,2274.51,2282.05,2241.91,2242.1,17081467
2018-12-11,2252.7,2264.54,2221.37,2221.37,29514762
2018-12-12,2228.58,2275.19,2227.89,2275.15,39814158
2018-12-13,2282.77,2314.09,2267.53,2310.66,32714897
2018-12-14,2297.17,2314.12,2282.43,2303.41,22124646
2018-12-17,2296.79,2308.55,2281.45,2281.87,20756145
2018-12-18,2273.02,2317.59,2264.35,2315.18,26101311
2018-12-19,2312.49,2344.11,2309.47,2342.81,28897699
2018-12-20,2327.49,2327.49,2295.4,2306.68,33393058
2018-12-21,2303.95,2307,2226.52,2259.77,69876976
2018-12-27,2279.04,2288.31,2248.23,2251.38,15779847
2018-12-28,2253.05,2281.37,2253.05,2276.63,17139836
2019-01-02,2275.35,2303.24,2243.92,2301.62,15522133
2019-01-03,2293.47,2293.47,2243.05,2247.22,18449644
2019-01-04,2257.4,2289.19,2257.4,2284.95,19543174
2019-01-07,2292.76,2331.45,2292.76,2331.45,29453503
2019-01-08,2330.42,2330.42,2303.05,2325.19,26789886
2019-01-09,2329.09,2341.84,2321.96,2341.84,30379782
2019-01-10,2331.87,2335.6,2305.97,2335.31,22732382
2019-01-11,2343.73,2364.28,2322.14,2335.1,27211263
2019-01-14,2326.24,2334.3,2310.84,2327.66,21572221
2019-01-15,2336.51,2350.86,2323.57,2344.56,20069983
2019-01-16,2349.89,2364.17,2340.33,2364.17,21252985
